-- phpMyAdmin SQL Dump
-- version 4.9.2
-- https://www.phpmyadmin.net/
--
-- Host: 127.0.0.1
-- Generation Time: Sep 11, 2020 at 11:22 PM
-- Server version: 10.4.10-MariaDB
-- PHP Version: 7.3.12

SET SQL_MODE = "NO_AUTO_VALUE_ON_ZERO";
SET AUTOCOMMIT = 0;
START TRANSACTION;
SET time_zone = "+00:00";


/*!40101 SET @OLD_CHARACTER_SET_CLIENT=@@CHARACTER_SET_CLIENT */;
/*!40101 SET @OLD_CHARACTER_SET_RESULTS=@@CHARACTER_SET_RESULTS */;
/*!40101 SET @OLD_COLLATION_CONNECTION=@@COLLATION_CONNECTION */;
/*!40101 SET NAMES utf8mb4 */;

--
-- Database: `balneario`
--

-- --------------------------------------------------------

--
-- Table structure for table `asistencia`
--

CREATE TABLE `asistencia` (
  `id_asistencia` int(5) NOT NULL,
  `asistencia_nombre` varchar(50) COLLATE utf8_unicode_ci NOT NULL
) ENGINE=InnoDB DEFAULT CHARSET=utf8 COLLATE=utf8_unicode_ci COMMENT='client data';

--
-- Dumping data for table `asistencia`
--

INSERT INTO `asistencia` (`id_asistencia`, `asistencia_nombre`) VALUES
(1, 'PRESENTE'),
(2, 'AUSENTE'),
(3, 'Otros');

-- --------------------------------------------------------

--
-- Table structure for table `balneario`
--

CREATE TABLE `balneario` (
  `id_balneario` int(11) NOT NULL COMMENT 'auto incrementing user_id of each user, unique index',
  `razonsocial_balneario` varchar(40) COLLATE utf8_unicode_ci NOT NULL,
  `nombrefantasia_balneario` varchar(40) COLLATE utf8_unicode_ci NOT NULL,
  `cuit_balneario` varchar(40) COLLATE utf8_unicode_ci NOT NULL,
  `domicilio_balneario` varchar(40) COLLATE utf8_unicode_ci NOT NULL,
  `referente_balneario` varchar(40) COLLATE utf8_unicode_ci NOT NULL,
  `telefono_balneario` varchar(40) COLLATE utf8_unicode_ci NOT NULL,
  `email_balneario` varchar(40) COLLATE utf8_unicode_ci NOT NULL
) ENGINE=InnoDB DEFAULT CHARSET=utf8 COLLATE=utf8_unicode_ci COMMENT='client data';

-- --------------------------------------------------------

--
-- Table structure for table `carpas`
--

CREATE TABLE `carpas` (
  `Id` int(11) NOT NULL,
  `numero_carpa` int(11) NOT NULL,
  `tipo_contrato` char(20) NOT NULL,
  `detalle_carpa` varchar(255) NOT NULL,
  `tipo_estado` char(20) NOT NULL,
  `ocupacion_actual` int(2) NOT NULL,
  `id_pasillo` int(11) NOT NULL,
  `_id_cliente` int(11) DEFAULT NULL,
  `date_added` datetime NOT NULL
) ENGINE=InnoDB DEFAULT CHARSET=utf8;

--
-- Dumping data for table `carpas`
--

INSERT INTO `carpas` (`Id`, `numero_carpa`, `tipo_contrato`, `detalle_carpa`, `tipo_estado`, `ocupacion_actual`, `id_pasillo`, `_id_cliente`, `date_added`) VALUES
(1, 1, '', 'VISTA AL MAR', 'LIBRE', 0, 1, NULL, '2020-02-18 15:06:00'),
(2, 2, '', 'VISTA AL MAR', 'LIBRE', 0, 1, NULL, '2020-02-18 15:06:00'),
(3, 3, '', 'VISTA AL MAR', 'LIBRE', 0, 1, NULL, '2020-02-18 15:06:00'),
(4, 4, '', 'VISTA AL MAR', 'LIBRE', 0, 1, NULL, '2020-02-18 15:06:00'),
(5, 5, '', 'VISTA AL MAR', 'LIBRE', 0, 1, NULL, '2020-02-18 15:06:00'),
(6, 6, '', 'VISTA AL MAR', 'LIBRE', 0, 1, NULL, '2020-02-18 15:06:00'),
(7, 7, '', 'VISTA AL MAR', 'LIBRE', 0, 2, NULL, '2020-02-18 15:06:00'),
(8, 8, '', 'VISTA AL MAR', 'LIBRE', 0, 2, NULL, '2020-02-18 15:06:00'),
(9, 9, '', 'VISTA AL MAR', 'LIBRE', 0, 2, NULL, '2020-02-18 15:06:00'),
(10, 10, '', 'VISTA AL MAR', 'LIBRE', 0, 2, NULL, '2020-02-18 15:06:00'),
(11, 11, '', 'VISTA AL MAR', 'LIBRE', 0, 2, NULL, '2020-02-18 15:06:00'),
(12, 12, '', 'VISTA AL MAR', 'LIBRE', 0, 2, NULL, '2020-02-18 15:06:00'),
(13, 13, '', 'VISTA AL MAR', 'LIBRE', 0, 3, 84, '2020-02-18 15:06:00'),
(14, 14, '', 'VISTA AL MAR', 'LIBRE', 0, 3, NULL, '2020-02-18 15:06:00'),
(15, 15, '', 'VISTA AL MAR', 'LIBRE', 0, 3, NULL, '2020-02-18 15:06:00'),
(16, 16, '', 'VISTA AL MAR', 'LIBRE', 0, 3, NULL, '2020-02-18 15:06:00'),
(17, 17, '', 'VISTA AL MAR', 'LIBRE', 0, 3, NULL, '2020-02-18 15:06:00'),
(18, 18, '', 'VISTA AL MAR', 'LIBRE', 0, 3, NULL, '2020-02-18 15:06:00'),
(19, 19, '', 'VISTA AL MAR', 'LIBRE', 0, 4, NULL, '2020-02-18 15:06:00'),
(20, 20, '', 'VISTA AL MAR', 'LIBRE', 0, 4, NULL, '2020-02-18 15:06:00'),
(21, 21, '', 'VISTA AL MAR', 'LIBRE', 0, 4, NULL, '2020-02-18 15:06:00'),
(22, 22, '', 'VISTA AL MAR', 'LIBRE', 0, 4, NULL, '2020-02-18 15:06:00'),
(23, 23, '', 'VISTA AL MAR', 'LIBRE', 0, 4, NULL, '2020-02-18 15:06:00'),
(24, 24, '', 'VISTA AL MAR', 'LIBRE', 0, 4, NULL, '2020-02-18 15:06:00'),
(25, 25, '', 'VISTA AL MAR', 'LIBRE', 0, 5, NULL, '2020-02-18 15:06:00'),
(26, 26, '', 'VISTA AL MAR', 'LIBRE', 0, 5, NULL, '2020-02-18 15:06:00'),
(27, 27, '', 'VISTA AL MAR', 'LIBRE', 0, 5, NULL, '2020-02-18 15:06:00'),
(28, 28, '', 'VISTA AL MAR', 'LIBRE', 0, 5, NULL, '2020-02-18 15:06:00'),
(29, 29, '', 'VISTA AL MAR', 'LIBRE', 0, 5, NULL, '2020-02-18 15:06:00'),
(30, 30, '', 'VISTA AL MAR', 'LIBRE', 0, 5, NULL, '2020-02-18 15:06:00'),
(31, 31, '', 'VISTA AL MAR', 'LIBRE', 0, 6, NULL, '2020-02-18 15:06:00'),
(32, 32, '', 'VISTA AL MAR', 'LIBRE', 0, 6, NULL, '2020-02-18 15:06:00'),
(33, 33, '', 'VISTA AL MAR', 'LIBRE', 0, 6, NULL, '2020-02-18 15:06:00'),
(34, 34, '', 'VISTA AL MAR', 'LIBRE', 0, 6, NULL, '2020-02-18 15:06:00'),
(35, 35, '', 'VISTA AL MAR', 'LIBRE', 0, 6, NULL, '2020-02-18 15:06:00'),
(36, 36, '', 'VISTA AL MAR', 'LIBRE', 0, 6, NULL, '2020-02-18 15:06:00'),
(37, 37, '', 'VISTA AL MAR', 'LIBRE', 0, 7, NULL, '2020-02-18 15:06:00'),
(38, 38, '', 'VISTA AL MAR', 'LIBRE', 0, 7, NULL, '2020-02-18 15:06:00'),
(39, 39, '', 'VISTA AL MAR', 'LIBRE', 0, 7, NULL, '2020-02-18 15:06:00'),
(40, 40, '', 'VISTA AL MAR', 'LIBRE', 0, 7, NULL, '2020-02-18 15:06:00'),
(41, 41, '', 'VISTA AL MAR', 'LIBRE', 0, 7, NULL, '2020-02-18 15:06:00'),
(42, 42, '', 'VISTA AL MAR', 'LIBRE', 0, 7, NULL, '2020-02-18 15:06:00'),
(43, 43, '', 'VISTA AL MAR', 'LIBRE', 0, 7, NULL, '2020-02-18 15:06:00'),
(44, 44, '', 'VISTA AL MAR', 'LIBRE', 0, 8, NULL, '2020-02-18 15:06:00'),
(45, 45, '', 'VISTA AL MAR', 'LIBRE', 0, 8, NULL, '2020-02-18 15:06:00'),
(46, 46, '', 'VISTA AL MAR', 'LIBRE', 0, 8, NULL, '2020-02-18 15:06:00'),
(47, 47, '', 'VISTA AL MAR', 'LIBRE', 0, 8, NULL, '2020-02-18 15:06:00'),
(48, 48, '', 'VISTA AL MAR', 'LIBRE', 0, 8, NULL, '2020-02-18 15:06:00'),
(101, 101, '', 'LADO IMPAR', 'LIBRE', 0, 3, NULL, '2020-02-18 15:06:00'),
(102, 102, '', 'LADO PAR', 'LIBRE', 0, 3, NULL, '2020-02-18 15:06:00'),
(103, 103, '', 'LADO IMPAR', 'LIBRE', 0, 3, NULL, '2020-02-18 15:06:00'),
(104, 104, '', 'LADO PAR', 'LIBRE', 0, 3, NULL, '2020-02-18 15:06:00'),
(105, 105, '', 'LADO IMPAR', 'LIBRE', 0, 3, NULL, '2020-02-18 15:06:00'),
(106, 106, '', 'LADO PAR', 'LIBRE', 0, 3, NULL, '2020-02-18 15:06:00'),
(107, 107, '', 'LADO IMPAR', 'LIBRE', 0, 3, NULL, '2020-02-18 15:06:00'),
(108, 108, '', 'LADO PAR', 'LIBRE', 0, 3, NULL, '2020-02-18 15:06:00'),
(109, 109, '', 'LADO IMPAR', 'LIBRE', 0, 3, NULL, '2020-02-18 15:06:00'),
(110, 110, '', 'LADO PAR', 'LIBRE', 0, 3, NULL, '2020-02-18 15:06:00'),
(111, 111, '', 'LADO IMPAR', 'LIBRE', 0, 3, NULL, '2020-02-18 15:06:00'),
(112, 112, '', 'LADO PAR', 'LIBRE', 0, 3, NULL, '2020-02-18 15:06:00'),
(113, 113, '', 'LADO IMPAR', 'LIBRE', 0, 3, NULL, '2020-02-18 15:06:00'),
(114, 114, '', 'LADO PAR', 'LIBRE', 0, 3, NULL, '2020-02-18 15:06:00'),
(115, 115, '', 'LADO IMPAR', 'LIBRE', 0, 3, NULL, '2020-02-18 15:06:00'),
(116, 116, '', 'LADO PAR', 'LIBRE', 0, 3, NULL, '2020-02-18 15:06:00'),
(117, 117, '', 'LADO IMPAR', 'LIBRE', 0, 3, NULL, '2020-02-18 15:06:00'),
(118, 118, '', 'LADO PAR', 'LIBRE', 0, 3, NULL, '2020-02-18 15:06:00'),
(119, 119, '', 'LADO IMPAR', 'LIBRE', 0, 3, NULL, '2020-02-18 15:06:00'),
(120, 120, '', 'LADO PAR', 'LIBRE', 0, 3, NULL, '2020-02-18 15:06:00'),
(121, 121, '', 'LADO IMPAR', 'LIBRE', 0, 3, NULL, '2020-02-18 15:06:00'),
(122, 122, '', 'LADO PAR', 'LIBRE', 0, 3, NULL, '2020-02-18 15:06:00'),
(123, 123, '', 'LADO IMPAR', 'LIBRE', 0, 3, NULL, '2020-02-18 15:06:00'),
(124, 124, '', 'LADO PAR', 'LIBRE', 0, 3, NULL, '2020-02-18 15:06:00'),
(125, 125, '', 'LADO IMPAR', 'LIBRE', 0, 3, NULL, '2020-02-18 15:06:00'),
(126, 126, '', 'LADO PAR', 'LIBRE', 0, 3, NULL, '2020-02-18 15:06:00'),
(127, 127, '', 'LADO IMPAR', 'LIBRE', 0, 3, NULL, '2020-02-18 15:06:00'),
(128, 128, '', 'LADO PAR', 'LIBRE', 0, 3, NULL, '2020-02-18 15:06:00'),
(129, 129, '', 'LADO IMPAR', 'LIBRE', 0, 3, NULL, '2020-02-18 15:06:00'),
(130, 130, '', 'LADO PAR', 'LIBRE', 0, 3, NULL, '2020-02-18 15:06:00'),
(131, 131, '', 'LADO IMPAR', 'LIBRE', 0, 3, NULL, '2020-02-18 15:06:00'),
(132, 132, '', 'LADO PAR', 'LIBRE', 0, 3, NULL, '2020-02-18 15:06:00'),
(133, 133, '', 'LADO IMPAR', 'LIBRE', 0, 3, NULL, '2020-02-18 15:06:00'),
(134, 134, '', 'LADO PAR', 'LIBRE', 0, 3, NULL, '2020-02-18 15:06:00'),
(135, 135, '', 'LADO IMPAR', 'LIBRE', 0, 3, NULL, '2020-02-18 15:06:00'),
(136, 136, '', 'LADO PAR', 'LIBRE', 0, 3, NULL, '2020-02-18 15:06:00'),
(137, 137, '', 'LADO IMPAR', 'LIBRE', 0, 3, NULL, '2020-02-18 15:06:00'),
(138, 138, '', 'LADO PAR', 'LIBRE', 0, 3, NULL, '2020-02-18 15:06:00'),
(139, 139, '', 'LADO IMPAR', 'LIBRE', 0, 3, NULL, '2020-02-18 15:06:00'),
(140, 140, '', 'LADO PAR', 'LIBRE', 0, 3, NULL, '2020-02-18 15:06:00'),
(141, 141, '', 'LADO IMPAR', 'LIBRE', 0, 3, NULL, '2020-02-18 15:06:00'),
(142, 142, '', 'LADO PAR', 'LIBRE', 0, 3, NULL, '2020-02-18 15:06:00'),
(143, 143, '', 'LADO IMPAR', 'LIBRE', 0, 3, NULL, '2020-02-18 15:06:00'),
(144, 144, '', 'LADO PAR', 'LIBRE', 0, 3, NULL, '2020-02-18 15:06:00'),
(145, 145, '', 'LADO IMPAR', 'LIBRE', 0, 3, NULL, '2020-02-18 15:06:00'),
(146, 146, '', 'LADO PAR', 'LIBRE', 0, 3, NULL, '2020-02-18 15:06:00'),
(147, 147, '', 'LADO IMPAR', 'LIBRE', 0, 3, NULL, '2020-02-18 15:06:00'),
(148, 148, '', 'LADO PAR', 'LIBRE', 0, 3, NULL, '2020-02-18 15:06:00'),
(149, 149, '', 'LADO IMPAR', 'LIBRE', 0, 3, NULL, '2020-02-18 15:06:00'),
(150, 150, '', 'LADO PAR', 'LIBRE', 0, 3, NULL, '2020-02-18 15:06:00'),
(151, 151, '', 'LADO IMPAR', 'LIBRE', 0, 3, NULL, '2020-02-18 15:06:00'),
(152, 152, '', 'LADO PAR', 'LIBRE', 0, 3, NULL, '2020-02-18 15:06:00'),
(153, 153, '', 'LADO IMPAR', 'LIBRE', 0, 3, NULL, '2020-02-18 15:06:00'),
(154, 154, '', 'LADO PAR', 'LIBRE', 0, 3, NULL, '2020-02-18 15:06:00'),
(155, 155, '', 'LADO IMPAR', 'LIBRE', 0, 3, NULL, '2020-02-18 15:06:00'),
(156, 156, '', 'LADO PAR', 'LIBRE', 0, 3, NULL, '2020-02-18 15:06:00'),
(157, 157, '', 'LADO IMPAR', 'LIBRE', 0, 3, NULL, '2020-02-18 15:06:00'),
(158, 158, '', 'LADO PAR', 'LIBRE', 0, 3, NULL, '2020-02-18 15:06:00'),
(159, 159, '', 'LADO IMPAR', 'LIBRE', 0, 3, NULL, '2020-02-18 15:06:00'),
(160, 160, '', 'LADO PAR', 'LIBRE', 0, 3, NULL, '2020-02-18 15:06:00'),
(161, 161, '', 'LADO IMPAR', 'LIBRE', 0, 3, NULL, '2020-02-18 15:06:00'),
(162, 162, '', 'LADO PAR', 'LIBRE', 0, 3, NULL, '2020-02-18 15:06:00'),
(163, 163, '', 'LADO IMPAR', 'LIBRE', 0, 3, NULL, '2020-02-18 15:06:00'),
(164, 164, '', 'LADO PAR', 'LIBRE', 0, 3, NULL, '2020-02-18 15:06:00'),
(165, 165, '', 'LADO IMPAR', 'LIBRE', 0, 3, NULL, '2020-02-18 15:06:00'),
(166, 166, '', 'LADO PAR', 'LIBRE', 0, 3, NULL, '2020-02-18 15:06:00'),
(167, 167, '', 'LADO IMPAR', 'LIBRE', 0, 3, NULL, '2020-02-18 15:06:00'),
(168, 168, '', 'LADO PAR', 'LIBRE', 0, 3, NULL, '2020-02-18 15:06:00'),
(169, 169, '', 'LADO IMPAR', 'LIBRE', 0, 3, NULL, '2020-02-18 15:06:00'),
(170, 170, '', 'LADO PAR', 'LIBRE', 0, 3, NULL, '2020-02-18 15:06:00'),
(171, 171, '', 'LADO IMPAR', 'LIBRE', 0, 3, NULL, '2020-02-18 15:06:00'),
(172, 172, '', 'LADO PAR', 'LIBRE', 0, 3, NULL, '2020-02-18 15:06:00'),
(173, 173, '', 'LADO IMPAR', 'LIBRE', 0, 3, NULL, '2020-02-18 15:06:00'),
(174, 174, '', 'LADO PAR', 'LIBRE', 0, 3, NULL, '2020-02-18 15:06:00'),
(201, 201, '', 'LADO IMPAR', 'LIBRE', 0, 2, NULL, '2020-02-18 15:06:00'),
(202, 202, '', 'LADO PAR', 'LIBRE', 0, 2, NULL, '2020-02-18 15:06:00'),
(203, 203, '', 'LADO IMPAR', 'LIBRE', 0, 2, NULL, '2020-02-18 15:06:00'),
(204, 204, '', 'LADO PAR', 'LIBRE', 0, 2, NULL, '2020-02-18 15:06:00'),
(205, 205, '', 'LADO IMPAR', 'LIBRE', 0, 2, NULL, '2020-02-18 15:06:00'),
(206, 206, '', 'LADO PAR', 'LIBRE', 0, 2, NULL, '2020-02-18 15:06:00'),
(207, 207, '', 'LADO IMPAR', 'LIBRE', 0, 2, NULL, '2020-02-18 15:06:00'),
(208, 208, '', 'LADO PAR', 'LIBRE', 0, 2, NULL, '2020-02-18 15:06:00'),
(209, 209, '', 'LADO IMPAR', 'LIBRE', 0, 2, NULL, '2020-02-18 15:06:00'),
(210, 210, '', 'LADO PAR', 'LIBRE', 0, 2, NULL, '2020-02-18 15:06:00'),
(211, 211, '', 'LADO IMPAR', 'LIBRE', 0, 2, NULL, '2020-02-18 15:06:00'),
(212, 212, '', 'LADO PAR', 'LIBRE', 0, 2, NULL, '2020-02-18 15:06:00'),
(213, 213, '', 'LADO IMPAR', 'LIBRE', 0, 2, NULL, '2020-02-18 15:06:00'),
(214, 214, '', 'LADO PAR', 'LIBRE', 0, 2, NULL, '2020-02-18 15:06:00'),
(215, 215, '', 'LADO IMPAR', 'LIBRE', 0, 2, NULL, '2020-02-18 15:06:00'),
(216, 216, '', 'LADO PAR', 'LIBRE', 0, 2, NULL, '2020-02-18 15:06:00'),
(217, 217, '', 'LADO IMPAR', 'LIBRE', 0, 2, NULL, '2020-02-18 15:06:00'),
(218, 218, '', 'LADO PAR', 'LIBRE', 0, 2, NULL, '2020-02-18 15:06:00'),
(219, 219, '', 'LADO IMPAR', 'LIBRE', 0, 2, NULL, '2020-02-18 15:06:00'),
(220, 220, '', 'LADO PAR', 'LIBRE', 0, 2, NULL, '2020-02-18 15:06:00'),
(221, 221, '', 'LADO IMPAR', 'LIBRE', 0, 2, NULL, '2020-02-18 15:06:00'),
(222, 222, '', 'LADO PAR', 'LIBRE', 0, 2, NULL, '2020-02-18 15:06:00'),
(223, 223, '', 'LADO IMPAR', 'LIBRE', 0, 2, NULL, '2020-02-18 15:06:00'),
(224, 224, '', 'LADO PAR', 'LIBRE', 0, 2, NULL, '2020-02-18 15:06:00'),
(225, 225, '', 'LADO IMPAR', 'LIBRE', 0, 2, NULL, '2020-02-18 15:06:00'),
(226, 226, '', 'LADO PAR', 'LIBRE', 0, 2, NULL, '2020-02-18 15:06:00'),
(227, 227, '', 'LADO IMPAR', 'LIBRE', 0, 2, NULL, '2020-02-18 15:06:00'),
(228, 228, '', 'LADO PAR', 'LIBRE', 0, 2, NULL, '2020-02-18 15:06:00'),
(229, 229, '', 'LADO IMPAR', 'LIBRE', 0, 2, NULL, '2020-02-18 15:06:00'),
(230, 230, '', 'LADO PAR', 'LIBRE', 0, 2, NULL, '2020-02-18 15:06:00'),
(231, 231, '', 'LADO IMPAR', 'LIBRE', 0, 2, NULL, '2020-02-18 15:06:00'),
(232, 232, '', 'LADO PAR', 'LIBRE', 0, 2, NULL, '2020-02-18 15:06:00'),
(233, 233, '', 'LADO IMPAR', 'LIBRE', 0, 2, NULL, '2020-02-18 15:06:00'),
(234, 234, '', 'LADO PAR', 'LIBRE', 0, 2, NULL, '2020-02-18 15:06:00'),
(235, 235, '', 'LADO IMPAR', 'LIBRE', 0, 2, NULL, '2020-02-18 15:06:00'),
(236, 236, '', 'LADO PAR', 'LIBRE', 0, 2, NULL, '2020-02-18 15:06:00'),
(237, 237, '', 'LADO IMPAR', 'LIBRE', 0, 2, NULL, '2020-02-18 15:06:00'),
(238, 238, '', 'LADO PAR', 'LIBRE', 0, 2, NULL, '2020-02-18 15:06:00'),
(239, 239, '', 'LADO IMPAR', 'LIBRE', 0, 2, NULL, '2020-02-18 15:06:00'),
(240, 240, '', 'LADO PAR', 'LIBRE', 0, 2, NULL, '2020-02-18 15:06:00'),
(241, 241, '', 'LADO IMPAR', 'LIBRE', 0, 2, NULL, '2020-02-18 15:06:00'),
(242, 242, '', 'LADO PAR', 'LIBRE', 0, 2, NULL, '2020-02-18 15:06:00'),
(243, 243, '', 'LADO IMPAR', 'LIBRE', 0, 2, NULL, '2020-02-18 15:06:00'),
(244, 244, '', 'LADO PAR', 'LIBRE', 0, 2, NULL, '2020-02-18 15:06:00'),
(245, 245, '', 'LADO IMPAR', 'LIBRE', 0, 2, NULL, '2020-02-18 15:06:00'),
(246, 246, '', 'LADO PAR', 'LIBRE', 0, 2, NULL, '2020-02-18 15:06:00'),
(247, 247, '', 'LADO IMPAR', 'LIBRE', 0, 2, NULL, '2020-02-18 15:06:00'),
(248, 248, '', 'LADO PAR', 'LIBRE', 0, 2, NULL, '2020-02-18 15:06:00'),
(249, 249, '', 'LADO IMPAR', 'LIBRE', 0, 2, NULL, '2020-02-18 15:06:00'),
(250, 250, '', 'LADO PAR', 'LIBRE', 0, 2, NULL, '2020-02-18 15:06:00'),
(251, 251, '', 'LADO IMPAR', 'LIBRE', 0, 2, NULL, '2020-02-18 15:06:00'),
(252, 252, '', 'LADO PAR', 'LIBRE', 0, 2, NULL, '2020-02-18 15:06:00'),
(253, 253, '', 'LADO IMPAR', 'LIBRE', 0, 2, NULL, '2020-02-18 15:06:00'),
(254, 254, '', 'LADO PAR', 'LIBRE', 0, 2, NULL, '2020-02-18 15:06:00'),
(255, 255, '', 'LADO IMPAR', 'LIBRE', 0, 2, NULL, '2020-02-18 15:06:00'),
(256, 256, '', 'LADO PAR', 'LIBRE', 0, 2, NULL, '2020-02-18 15:06:00'),
(257, 257, '', 'LADO IMPAR', 'LIBRE', 0, 2, NULL, '2020-02-18 15:06:00'),
(258, 258, '', 'LADO PAR', 'LIBRE', 0, 2, NULL, '2020-02-18 15:06:00'),
(259, 259, '', 'LADO IMPAR', 'LIBRE', 0, 2, NULL, '2020-02-18 15:06:00'),
(260, 260, '', 'LADO PAR', 'LIBRE', 0, 2, NULL, '2020-02-18 15:06:00'),
(261, 261, '', 'LADO IMPAR', 'LIBRE', 0, 2, NULL, '2020-02-18 15:06:00'),
(262, 262, '', 'LADO PAR', 'LIBRE', 0, 2, NULL, '2020-02-18 15:06:00'),
(263, 263, '', 'LADO IMPAR', 'LIBRE', 0, 2, NULL, '2020-02-18 15:06:00'),
(264, 264, '', 'LADO PAR', 'LIBRE', 0, 2, NULL, '2020-02-18 15:06:00'),
(265, 265, '', 'LADO IMPAR', 'LIBRE', 0, 2, NULL, '2020-02-18 15:06:00'),
(266, 266, '', 'LADO PAR', 'LIBRE', 0, 2, NULL, '2020-02-18 15:06:00'),
(267, 267, '', 'LADO IMPAR', 'LIBRE', 0, 2, NULL, '2020-02-18 15:06:00'),
(268, 268, '', 'LADO PAR', 'LIBRE', 0, 2, NULL, '2020-02-18 15:06:00'),
(269, 269, '', 'LADO IMPAR', 'LIBRE', 0, 2, NULL, '2020-02-18 15:06:00'),
(270, 270, '', 'LADO PAR', 'LIBRE', 0, 2, NULL, '2020-02-18 15:06:00'),
(271, 271, '', 'LADO IMPAR', 'LIBRE', 0, 2, NULL, '2020-02-18 15:06:00'),
(272, 272, '', 'LADO PAR', 'LIBRE', 0, 2, NULL, '2020-02-18 15:06:00'),
(273, 273, '', 'LADO IMPAR', 'LIBRE', 0, 2, NULL, '2020-02-18 15:06:00'),
(274, 274, '', 'LADO PAR', 'LIBRE', 0, 2, NULL, '2020-02-18 15:06:00'),
(301, 301, '', 'LADO IMPAR', 'LIBRE', 0, 3, NULL, '2020-02-18 15:06:00'),
(302, 302, '', 'LADO PAR', 'LIBRE', 0, 3, NULL, '2020-02-18 15:06:00'),
(303, 303, '', 'LADO IMPAR', 'LIBRE', 0, 3, NULL, '2020-02-18 15:06:00'),
(304, 304, '', 'LADO PAR', 'LIBRE', 0, 3, NULL, '2020-02-18 15:06:00'),
(305, 305, '', 'LADO IMPAR', 'LIBRE', 0, 3, NULL, '2020-02-18 15:06:00'),
(306, 306, '', 'LADO PAR', 'LIBRE', 0, 3, NULL, '2020-02-18 15:06:00'),
(307, 307, '', 'LADO IMPAR', 'LIBRE', 0, 3, NULL, '2020-02-18 15:06:00'),
(308, 308, '', 'LADO PAR', 'LIBRE', 0, 3, NULL, '2020-02-18 15:06:00'),
(309, 309, '', 'LADO IMPAR', 'LIBRE', 0, 3, NULL, '2020-02-18 15:06:00'),
(310, 310, '', 'LADO PAR', 'LIBRE', 0, 3, NULL, '2020-02-18 15:06:00'),
(311, 311, '', 'LADO IMPAR', 'LIBRE', 0, 3, NULL, '2020-02-18 15:06:00'),
(312, 312, '', 'LADO PAR', 'LIBRE', 0, 3, NULL, '2020-02-18 15:06:00'),
(313, 313, '', 'LADO IMPAR', 'LIBRE', 0, 3, NULL, '2020-02-18 15:06:00'),
(314, 314, '', 'LADO PAR', 'LIBRE', 0, 3, NULL, '2020-02-18 15:06:00'),
(315, 315, '', 'LADO IMPAR', 'LIBRE', 0, 3, NULL, '2020-02-18 15:06:00'),
(316, 316, '', 'LADO PAR', 'LIBRE', 0, 3, NULL, '2020-02-18 15:06:00'),
(317, 317, '', 'LADO IMPAR', 'LIBRE', 0, 3, NULL, '2020-02-18 15:06:00'),
(318, 318, '', 'LADO PAR', 'LIBRE', 0, 3, NULL, '2020-02-18 15:06:00'),
(319, 319, '', 'LADO IMPAR', 'LIBRE', 0, 3, NULL, '2020-02-18 15:06:00'),
(320, 320, '', 'LADO PAR', 'LIBRE', 0, 3, NULL, '2020-02-18 15:06:00'),
(321, 321, '', 'LADO IMPAR', 'LIBRE', 0, 3, NULL, '2020-02-18 15:06:00'),
(322, 322, '', 'LADO PAR', 'LIBRE', 0, 3, NULL, '2020-02-18 15:06:00'),
(323, 323, '', 'LADO IMPAR', 'LIBRE', 0, 3, NULL, '2020-02-18 15:06:00'),
(324, 324, '', 'LADO PAR', 'LIBRE', 0, 3, NULL, '2020-02-18 15:06:00'),
(325, 325, '', 'LADO IMPAR', 'LIBRE', 0, 3, NULL, '2020-02-18 15:06:00'),
(326, 326, '', 'LADO PAR', 'LIBRE', 0, 3, NULL, '2020-02-18 15:06:00'),
(327, 327, '', 'LADO IMPAR', 'LIBRE', 0, 3, NULL, '2020-02-18 15:06:00'),
(328, 328, '', 'LADO PAR', 'LIBRE', 0, 3, NULL, '2020-02-18 15:06:00'),
(329, 329, '', 'LADO IMPAR', 'LIBRE', 0, 3, NULL, '2020-02-18 15:06:00'),
(330, 330, '', 'LADO PAR', 'LIBRE', 0, 3, NULL, '2020-02-18 15:06:00'),
(331, 331, '', 'LADO IMPAR', 'LIBRE', 0, 3, NULL, '2020-02-18 15:06:00'),
(332, 332, '', 'LADO PAR', 'LIBRE', 0, 3, NULL, '2020-02-18 15:06:00'),
(333, 333, '', 'LADO IMPAR', 'LIBRE', 0, 3, NULL, '2020-02-18 15:06:00'),
(334, 334, '', 'LADO PAR', 'LIBRE', 0, 3, NULL, '2020-02-18 15:06:00'),
(335, 335, '', 'LADO IMPAR', 'LIBRE', 0, 3, NULL, '2020-02-18 15:06:00'),
(336, 336, '', 'LADO PAR', 'LIBRE', 0, 3, NULL, '2020-02-18 15:06:00'),
(337, 337, '', 'LADO IMPAR', 'LIBRE', 0, 3, NULL, '2020-02-18 15:06:00'),
(338, 338, '', 'LADO PAR', 'LIBRE', 0, 3, NULL, '2020-02-18 15:06:00'),
(339, 339, '', 'LADO IMPAR', 'LIBRE', 0, 3, NULL, '2020-02-18 15:06:00'),
(340, 340, '', 'LADO PAR', 'LIBRE', 0, 3, NULL, '2020-02-18 15:06:00'),
(341, 341, '', 'LADO IMPAR', 'LIBRE', 0, 3, NULL, '2020-02-18 15:06:00'),
(342, 342, '', 'LADO PAR', 'LIBRE', 0, 3, NULL, '2020-02-18 15:06:00'),
(343, 343, '', 'LADO IMPAR', 'LIBRE', 0, 3, NULL, '2020-02-18 15:06:00'),
(344, 344, '', 'LADO PAR', 'LIBRE', 0, 3, NULL, '2020-02-18 15:06:00'),
(345, 345, '', 'LADO IMPAR', 'LIBRE', 0, 3, NULL, '2020-02-18 15:06:00'),
(346, 346, '', 'LADO PAR', 'LIBRE', 0, 3, NULL, '2020-02-18 15:06:00'),
(347, 347, '', 'LADO IMPAR', 'LIBRE', 0, 3, NULL, '2020-02-18 15:06:00'),
(348, 348, '', 'LADO PAR', 'LIBRE', 0, 3, NULL, '2020-02-18 15:06:00'),
(349, 349, '', 'LADO IMPAR', 'LIBRE', 0, 3, NULL, '2020-02-18 15:06:00'),
(350, 350, '', 'LADO PAR', 'LIBRE', 0, 3, NULL, '2020-02-18 15:06:00'),
(351, 351, '', 'LADO IMPAR', 'LIBRE', 0, 3, NULL, '2020-02-18 15:06:00'),
(352, 352, '', 'LADO PAR', 'LIBRE', 0, 3, NULL, '2020-02-18 15:06:00'),
(353, 353, '', 'LADO IMPAR', 'LIBRE', 0, 3, NULL, '2020-02-18 15:06:00'),
(354, 354, '', 'LADO PAR', 'LIBRE', 0, 3, NULL, '2020-02-18 15:06:00'),
(355, 355, '', 'LADO IMPAR', 'LIBRE', 0, 3, NULL, '2020-02-18 15:06:00'),
(356, 356, '', 'LADO PAR', 'LIBRE', 0, 3, NULL, '2020-02-18 15:06:00'),
(357, 357, '', 'LADO IMPAR', 'LIBRE', 0, 3, NULL, '2020-02-18 15:06:00'),
(358, 358, '', 'LADO PAR', 'LIBRE', 0, 3, NULL, '2020-02-18 15:06:00'),
(359, 359, '', 'LADO IMPAR', 'LIBRE', 0, 3, NULL, '2020-02-18 15:06:00'),
(360, 360, '', 'LADO PAR', 'LIBRE', 0, 3, NULL, '2020-02-18 15:06:00'),
(361, 361, '', 'LADO IMPAR', 'LIBRE', 0, 3, NULL, '2020-02-18 15:06:00'),
(362, 362, '', 'LADO PAR', 'LIBRE', 0, 3, NULL, '2020-02-18 15:06:00'),
(363, 363, '', 'LADO IMPAR', 'LIBRE', 0, 3, NULL, '2020-02-18 15:06:00'),
(364, 364, '', 'LADO PAR', 'LIBRE', 0, 3, NULL, '2020-02-18 15:06:00'),
(365, 365, '', 'LADO IMPAR', 'LIBRE', 0, 3, NULL, '2020-02-18 15:06:00'),
(366, 366, '', 'LADO PAR', 'LIBRE', 0, 3, NULL, '2020-02-18 15:06:00'),
(367, 367, '', 'LADO IMPAR', 'LIBRE', 0, 3, NULL, '2020-02-18 15:06:00'),
(368, 368, '', 'LADO PAR', 'LIBRE', 0, 3, NULL, '2020-02-18 15:06:00'),
(369, 369, '', 'LADO IMPAR', 'LIBRE', 0, 3, NULL, '2020-02-18 15:06:00'),
(370, 370, '', 'LADO PAR', 'LIBRE', 0, 3, NULL, '2020-02-18 15:06:00'),
(371, 371, '', 'LADO IMPAR', 'LIBRE', 0, 3, NULL, '2020-02-18 15:06:00'),
(372, 372, '', 'LADO PAR', 'LIBRE', 0, 3, NULL, '2020-02-18 15:06:00'),
(373, 373, '', 'LADO IMPAR', 'LIBRE', 0, 3, NULL, '2020-02-18 15:06:00'),
(374, 374, '', 'LADO PAR', 'LIBRE', 0, 3, NULL, '2020-02-18 15:06:00'),
(401, 401, '', 'LADO IMPAR', 'LIBRE', 0, 4, NULL, '2020-02-18 15:06:00'),
(402, 402, '', 'LADO PAR', 'LIBRE', 0, 4, NULL, '2020-02-18 15:06:00'),
(403, 403, '', 'LADO IMPAR', 'LIBRE', 0, 4, NULL, '2020-02-18 15:06:00'),
(404, 404, '', 'LADO PAR', 'LIBRE', 0, 4, NULL, '2020-02-18 15:06:00'),
(405, 405, '', 'LADO IMPAR', 'LIBRE', 0, 4, NULL, '2020-02-18 15:06:00'),
(406, 406, '', 'LADO PAR', 'LIBRE', 0, 4, NULL, '2020-02-18 15:06:00'),
(407, 407, '', 'LADO IMPAR', 'LIBRE', 0, 4, NULL, '2020-02-18 15:06:00'),
(408, 408, '', 'LADO PAR', 'LIBRE', 0, 4, NULL, '2020-02-18 15:06:00'),
(409, 409, '', 'LADO IMPAR', 'LIBRE', 0, 4, NULL, '2020-02-18 15:06:00'),
(410, 410, '', 'LADO PAR', 'LIBRE', 0, 4, NULL, '2020-02-18 15:06:00'),
(411, 411, '', 'LADO IMPAR', 'LIBRE', 0, 4, NULL, '2020-02-18 15:06:00'),
(412, 412, '', 'LADO PAR', 'LIBRE', 0, 4, NULL, '2020-02-18 15:06:00'),
(413, 413, '', 'LADO IMPAR', 'LIBRE', 0, 4, NULL, '2020-02-18 15:06:00'),
(414, 414, '', 'LADO PAR', 'LIBRE', 0, 4, NULL, '2020-02-18 15:06:00'),
(415, 415, '', 'LADO IMPAR', 'LIBRE', 0, 4, NULL, '2020-02-18 15:06:00'),
(416, 416, '', 'LADO PAR', 'LIBRE', 0, 4, NULL, '2020-02-18 15:06:00'),
(417, 417, '', 'LADO IMPAR', 'LIBRE', 0, 4, NULL, '2020-02-18 15:06:00'),
(418, 418, '', 'LADO PAR', 'LIBRE', 0, 4, NULL, '2020-02-18 15:06:00'),
(419, 419, '', 'LADO IMPAR', 'LIBRE', 0, 4, NULL, '2020-02-18 15:06:00'),
(420, 420, '', 'LADO PAR', 'LIBRE', 0, 4, NULL, '2020-02-18 15:06:00'),
(421, 421, '', 'LADO IMPAR', 'LIBRE', 0, 4, NULL, '2020-02-18 15:06:00'),
(422, 422, '', 'LADO PAR', 'LIBRE', 0, 4, NULL, '2020-02-18 15:06:00'),
(423, 423, '', 'LADO IMPAR', 'LIBRE', 0, 4, NULL, '2020-02-18 15:06:00'),
(424, 424, '', 'LADO PAR', 'LIBRE', 0, 4, NULL, '2020-02-18 15:06:00'),
(425, 425, '', 'LADO IMPAR', 'LIBRE', 0, 4, NULL, '2020-02-18 15:06:00'),
(426, 426, '', 'LADO PAR', 'LIBRE', 0, 4, NULL, '2020-02-18 15:06:00'),
(427, 427, '', 'LADO IMPAR', 'LIBRE', 0, 4, NULL, '2020-02-18 15:06:00'),
(428, 428, '', 'LADO PAR', 'LIBRE', 0, 4, NULL, '2020-02-18 15:06:00'),
(429, 429, '', 'LADO IMPAR', 'LIBRE', 0, 4, NULL, '2020-02-18 15:06:00'),
(430, 430, '', 'LADO PAR', 'LIBRE', 0, 4, NULL, '2020-02-18 15:06:00'),
(431, 431, '', 'LADO IMPAR', 'LIBRE', 0, 4, NULL, '2020-02-18 15:06:00'),
(432, 432, '', 'LADO PAR', 'LIBRE', 0, 4, NULL, '2020-02-18 15:06:00'),
(433, 433, '', 'LADO IMPAR', 'LIBRE', 0, 4, NULL, '2020-02-18 15:06:00'),
(434, 434, '', 'LADO PAR', 'LIBRE', 0, 4, NULL, '2020-02-18 15:06:00'),
(435, 435, '', 'LADO IMPAR', 'LIBRE', 0, 4, NULL, '2020-02-18 15:06:00'),
(436, 436, '', 'LADO PAR', 'LIBRE', 0, 4, NULL, '2020-02-18 15:06:00'),
(437, 437, '', 'LADO IMPAR', 'LIBRE', 0, 4, NULL, '2020-02-18 15:06:00'),
(438, 438, '', 'LADO PAR', 'LIBRE', 0, 4, NULL, '2020-02-18 15:06:00'),
(439, 439, '', 'LADO IMPAR', 'LIBRE', 0, 4, NULL, '2020-02-18 15:06:00'),
(440, 440, '', 'LADO PAR', 'LIBRE', 0, 4, NULL, '2020-02-18 15:06:00'),
(441, 441, '', 'LADO IMPAR', 'LIBRE', 0, 4, NULL, '2020-02-18 15:06:00'),
(442, 442, '', 'LADO PAR', 'LIBRE', 0, 4, NULL, '2020-02-18 15:06:00'),
(443, 443, '', 'LADO IMPAR', 'LIBRE', 0, 4, NULL, '2020-02-18 15:06:00'),
(444, 444, '', 'LADO PAR', 'LIBRE', 0, 4, NULL, '2020-02-18 15:06:00'),
(445, 445, '', 'LADO IMPAR', 'LIBRE', 0, 4, NULL, '2020-02-18 15:06:00'),
(446, 446, '', 'LADO PAR', 'LIBRE', 0, 4, NULL, '2020-02-18 15:06:00'),
(447, 447, '', 'LADO IMPAR', 'LIBRE', 0, 4, NULL, '2020-02-18 15:06:00'),
(448, 448, '', 'LADO PAR', 'LIBRE', 0, 4, NULL, '2020-02-18 15:06:00'),
(449, 449, '', 'LADO IMPAR', 'LIBRE', 0, 4, NULL, '2020-02-18 15:06:00'),
(450, 450, '', 'LADO PAR', 'LIBRE', 0, 4, NULL, '2020-02-18 15:06:00'),
(451, 451, '', 'LADO IMPAR', 'LIBRE', 0, 4, NULL, '2020-02-18 15:06:00'),
(452, 452, '', 'LADO PAR', 'LIBRE', 0, 4, NULL, '2020-02-18 15:06:00'),
(453, 453, '', 'LADO IMPAR', 'LIBRE', 0, 4, NULL, '2020-02-18 15:06:00'),
(454, 454, '', 'LADO PAR', 'LIBRE', 0, 4, NULL, '2020-02-18 15:06:00'),
(455, 455, '', 'LADO IMPAR', 'LIBRE', 0, 4, NULL, '2020-02-18 15:06:00'),
(456, 456, '', 'LADO PAR', 'LIBRE', 0, 4, NULL, '2020-02-18 15:06:00'),
(457, 457, '', 'LADO IMPAR', 'LIBRE', 0, 4, NULL, '2020-02-18 15:06:00'),
(458, 458, '', 'LADO PAR', 'LIBRE', 0, 4, NULL, '2020-02-18 15:06:00'),
(459, 459, '', 'LADO IMPAR', 'LIBRE', 0, 4, NULL, '2020-02-18 15:06:00'),
(460, 460, '', 'LADO PAR', 'LIBRE', 0, 4, NULL, '2020-02-18 15:06:00'),
(461, 461, '', 'LADO IMPAR', 'LIBRE', 0, 4, NULL, '2020-02-18 15:06:00'),
(462, 462, '', 'LADO PAR', 'LIBRE', 0, 4, NULL, '2020-02-18 15:06:00'),
(463, 463, '', 'LADO IMPAR', 'LIBRE', 0, 4, NULL, '2020-02-18 15:06:00'),
(464, 464, '', 'LADO PAR', 'LIBRE', 0, 4, NULL, '2020-02-18 15:06:00'),
(465, 465, '', 'LADO IMPAR', 'LIBRE', 0, 4, NULL, '2020-02-18 15:06:00'),
(466, 466, '', 'LADO PAR', 'LIBRE', 0, 4, NULL, '2020-02-18 15:06:00'),
(467, 467, '', 'LADO IMPAR', 'LIBRE', 0, 4, NULL, '2020-02-18 15:06:00'),
(468, 468, '', 'LADO PAR', 'LIBRE', 0, 4, NULL, '2020-02-18 15:06:00'),
(469, 469, '', 'LADO IMPAR', 'LIBRE', 0, 4, NULL, '2020-02-18 15:06:00'),
(470, 470, '', 'LADO PAR', 'LIBRE', 0, 4, NULL, '2020-02-18 15:06:00'),
(471, 471, '', 'LADO IMPAR', 'LIBRE', 0, 4, NULL, '2020-02-18 15:06:00'),
(472, 472, '', 'LADO PAR', 'LIBRE', 0, 4, NULL, '2020-02-18 15:06:00'),
(473, 473, '', 'LADO IMPAR', 'LIBRE', 0, 4, NULL, '2020-02-18 15:06:00'),
(474, 474, '', 'LADO PAR', 'LIBRE', 0, 4, NULL, '2020-02-18 15:06:00'),
(501, 501, '', 'LADO IMPAR', 'LIBRE', 0, 5, NULL, '2020-02-18 15:06:00'),
(502, 502, '', 'LADO PAR', 'LIBRE', 0, 5, NULL, '2020-02-18 15:06:00'),
(503, 503, '', 'LADO IMPAR', 'LIBRE', 0, 5, NULL, '2020-02-18 15:06:00'),
(504, 504, '', 'LADO PAR', 'LIBRE', 0, 5, NULL, '2020-02-18 15:06:00'),
(505, 505, '', 'LADO IMPAR', 'LIBRE', 0, 5, NULL, '2020-02-18 15:06:00'),
(506, 506, '', 'LADO PAR', 'LIBRE', 0, 5, NULL, '2020-02-18 15:06:00'),
(507, 507, '', 'LADO IMPAR', 'LIBRE', 0, 5, NULL, '2020-02-18 15:06:00'),
(508, 508, '', 'LADO PAR', 'LIBRE', 0, 5, NULL, '2020-02-18 15:06:00'),
(509, 509, '', 'LADO IMPAR', 'LIBRE', 0, 5, NULL, '2020-02-18 15:06:00'),
(510, 510, '', 'LADO PAR', 'LIBRE', 0, 5, NULL, '2020-02-18 15:06:00'),
(511, 511, '', 'LADO IMPAR', 'LIBRE', 0, 5, NULL, '2020-02-18 15:06:00'),
(512, 512, '', 'LADO PAR', 'LIBRE', 0, 5, NULL, '2020-02-18 15:06:00'),
(513, 513, '', 'LADO IMPAR', 'LIBRE', 0, 5, NULL, '2020-02-18 15:06:00'),
(514, 514, '', 'LADO PAR', 'LIBRE', 0, 5, NULL, '2020-02-18 15:06:00'),
(515, 515, '', 'LADO IMPAR', 'LIBRE', 0, 5, NULL, '2020-02-18 15:06:00'),
(516, 516, '', 'LADO PAR', 'LIBRE', 0, 5, NULL, '2020-02-18 15:06:00'),
(517, 517, '', 'LADO IMPAR', 'LIBRE', 0, 5, NULL, '2020-02-18 15:06:00'),
(518, 518, '', 'LADO PAR', 'LIBRE', 0, 5, NULL, '2020-02-18 15:06:00'),
(519, 519, '', 'LADO IMPAR', 'LIBRE', 0, 5, NULL, '2020-02-18 15:06:00'),
(520, 520, '', 'LADO PAR', 'LIBRE', 0, 5, NULL, '2020-02-18 15:06:00'),
(521, 521, '', 'LADO IMPAR', 'LIBRE', 0, 5, NULL, '2020-02-18 15:06:00'),
(522, 522, '', 'LADO PAR', 'LIBRE', 0, 5, NULL, '2020-02-18 15:06:00'),
(523, 523, '', 'LADO IMPAR', 'LIBRE', 0, 5, NULL, '2020-02-18 15:06:00'),
(524, 524, '', 'LADO PAR', 'LIBRE', 0, 5, NULL, '2020-02-18 15:06:00'),
(525, 525, '', 'LADO IMPAR', 'LIBRE', 0, 5, NULL, '2020-02-18 15:06:00'),
(526, 526, '', 'LADO PAR', 'LIBRE', 0, 5, NULL, '2020-02-18 15:06:00'),
(527, 527, '', 'LADO IMPAR', 'LIBRE', 0, 5, NULL, '2020-02-18 15:06:00'),
(528, 528, '', 'LADO PAR', 'LIBRE', 0, 5, NULL, '2020-02-18 15:06:00'),
(529, 529, '', 'LADO IMPAR', 'LIBRE', 0, 5, NULL, '2020-02-18 15:06:00'),
(530, 530, '', 'LADO PAR', 'LIBRE', 0, 5, NULL, '2020-02-18 15:06:00'),
(531, 531, '', 'LADO IMPAR', 'LIBRE', 0, 5, NULL, '2020-02-18 15:06:00'),
(532, 532, '', 'LADO PAR', 'LIBRE', 0, 5, NULL, '2020-02-18 15:06:00'),
(533, 533, '', 'LADO IMPAR', 'LIBRE', 0, 5, NULL, '2020-02-18 15:06:00'),
(534, 534, '', 'LADO PAR', 'LIBRE', 0, 5, NULL, '2020-02-18 15:06:00'),
(535, 535, '', 'LADO IMPAR', 'LIBRE', 0, 5, NULL, '2020-02-18 15:06:00'),
(536, 536, '', 'LADO PAR', 'LIBRE', 0, 5, NULL, '2020-02-18 15:06:00'),
(537, 537, '', 'LADO IMPAR', 'LIBRE', 0, 5, NULL, '2020-02-18 15:06:00'),
(538, 538, '', 'LADO PAR', 'LIBRE', 0, 5, NULL, '2020-02-18 15:06:00'),
(539, 539, '', 'LADO IMPAR', 'LIBRE', 0, 5, NULL, '2020-02-18 15:06:00'),
(540, 540, '', 'LADO PAR', 'LIBRE', 0, 5, NULL, '2020-02-18 15:06:00'),
(541, 541, '', 'LADO IMPAR', 'LIBRE', 0, 5, NULL, '2020-02-18 15:06:00'),
(542, 542, '', 'LADO PAR', 'LIBRE', 0, 5, NULL, '2020-02-18 15:06:00'),
(543, 543, '', 'LADO IMPAR', 'LIBRE', 0, 5, NULL, '2020-02-18 15:06:00'),
(544, 544, '', 'LADO PAR', 'LIBRE', 0, 5, NULL, '2020-02-18 15:06:00'),
(545, 545, '', 'LADO IMPAR', 'LIBRE', 0, 5, NULL, '2020-02-18 15:06:00'),
(546, 546, '', 'LADO PAR', 'LIBRE', 0, 5, NULL, '2020-02-18 15:06:00'),
(547, 547, '', 'LADO IMPAR', 'LIBRE', 0, 5, NULL, '2020-02-18 15:06:00'),
(548, 548, '', 'LADO PAR', 'LIBRE', 0, 5, NULL, '2020-02-18 15:06:00'),
(549, 549, '', 'LADO IMPAR', 'LIBRE', 0, 5, NULL, '2020-02-18 15:06:00'),
(550, 550, '', 'LADO PAR', 'LIBRE', 0, 5, NULL, '2020-02-18 15:06:00'),
(551, 551, '', 'LADO IMPAR', 'LIBRE', 0, 5, NULL, '2020-02-18 15:06:00'),
(552, 552, '', 'LADO PAR', 'LIBRE', 0, 5, NULL, '2020-02-18 15:06:00'),
(553, 553, '', 'LADO IMPAR', 'LIBRE', 0, 5, NULL, '2020-02-18 15:06:00'),
(554, 554, '', 'LADO PAR', 'LIBRE', 0, 5, NULL, '2020-02-18 15:06:00'),
(555, 555, '', 'LADO IMPAR', 'LIBRE', 0, 5, NULL, '2020-02-18 15:06:00'),
(556, 556, '', 'LADO PAR', 'LIBRE', 0, 5, NULL, '2020-02-18 15:06:00'),
(557, 557, '', 'LADO IMPAR', 'LIBRE', 0, 5, NULL, '2020-02-18 15:06:00'),
(558, 558, '', 'LADO PAR', 'LIBRE', 0, 5, NULL, '2020-02-18 15:06:00'),
(559, 559, '', 'LADO IMPAR', 'LIBRE', 0, 5, NULL, '2020-02-18 15:06:00'),
(560, 560, '', 'LADO PAR', 'LIBRE', 0, 5, NULL, '2020-02-18 15:06:00'),
(561, 561, '', 'LADO IMPAR', 'LIBRE', 0, 5, NULL, '2020-02-18 15:06:00'),
(562, 562, '', 'LADO PAR', 'LIBRE', 0, 5, NULL, '2020-02-18 15:06:00'),
(563, 563, '', 'LADO IMPAR', 'LIBRE', 0, 5, NULL, '2020-02-18 15:06:00'),
(564, 564, '', 'LADO PAR', 'LIBRE', 0, 5, NULL, '2020-02-18 15:06:00'),
(565, 565, '', 'LADO IMPAR', 'LIBRE', 0, 5, NULL, '2020-02-18 15:06:00'),
(566, 566, '', 'LADO PAR', 'LIBRE', 0, 5, NULL, '2020-02-18 15:06:00'),
(567, 567, '', 'LADO IMPAR', 'LIBRE', 0, 5, NULL, '2020-02-18 15:06:00'),
(568, 568, '', 'LADO PAR', 'LIBRE', 0, 5, NULL, '2020-02-18 15:06:00'),
(569, 569, '', 'LADO IMPAR', 'LIBRE', 0, 5, NULL, '2020-02-18 15:06:00'),
(570, 570, '', 'LADO PAR', 'LIBRE', 0, 5, NULL, '2020-02-18 15:06:00'),
(571, 571, '', 'LADO IMPAR', 'LIBRE', 0, 5, NULL, '2020-02-18 15:06:00'),
(572, 572, '', 'LADO PAR', 'LIBRE', 0, 5, NULL, '2020-02-18 15:06:00'),
(573, 573, '', 'LADO IMPAR', 'LIBRE', 0, 5, NULL, '2020-02-18 15:06:00'),
(574, 574, '', 'LADO PAR', 'LIBRE', 0, 5, NULL, '2020-02-18 15:06:00'),
(601, 601, '', 'LADO IMPAR', 'LIBRE', 0, 6, NULL, '2020-02-18 15:06:00'),
(602, 602, '', 'LADO PAR', 'LIBRE', 0, 6, NULL, '2020-02-18 15:06:00'),
(603, 603, '', 'LADO IMPAR', 'LIBRE', 0, 6, NULL, '2020-02-18 15:06:00'),
(604, 604, '', 'LADO PAR', 'LIBRE', 0, 6, NULL, '2020-02-18 15:06:00'),
(605, 605, '', 'LADO IMPAR', 'LIBRE', 0, 6, NULL, '2020-02-18 15:06:00'),
(606, 606, '', 'LADO PAR', 'LIBRE', 0, 6, NULL, '2020-02-18 15:06:00'),
(607, 607, '', 'LADO IMPAR', 'LIBRE', 0, 6, NULL, '2020-02-18 15:06:00'),
(608, 608, '', 'LADO PAR', 'LIBRE', 0, 6, NULL, '2020-02-18 15:06:00'),
(609, 609, '', 'LADO IMPAR', 'LIBRE', 0, 6, NULL, '2020-02-18 15:06:00'),
(610, 610, '', 'LADO PAR', 'LIBRE', 0, 6, NULL, '2020-02-18 15:06:00'),
(611, 611, '', 'LADO IMPAR', 'LIBRE', 0, 6, NULL, '2020-02-18 15:06:00'),
(612, 612, '', 'LADO PAR', 'LIBRE', 0, 6, NULL, '2020-02-18 15:06:00'),
(613, 613, '', 'LADO IMPAR', 'LIBRE', 0, 6, NULL, '2020-02-18 15:06:00'),
(614, 614, '', 'LADO PAR', 'LIBRE', 0, 6, NULL, '2020-02-18 15:06:00'),
(615, 615, '', 'LADO IMPAR', 'LIBRE', 0, 6, NULL, '2020-02-18 15:06:00'),
(616, 616, '', 'LADO PAR', 'LIBRE', 0, 6, NULL, '2020-02-18 15:06:00'),
(617, 617, '', 'LADO IMPAR', 'LIBRE', 0, 6, NULL, '2020-02-18 15:06:00'),
(618, 618, '', 'LADO PAR', 'LIBRE', 0, 6, NULL, '2020-02-18 15:06:00'),
(619, 619, '', 'LADO IMPAR', 'LIBRE', 0, 6, NULL, '2020-02-18 15:06:00'),
(620, 620, '', 'LADO PAR', 'LIBRE', 0, 6, NULL, '2020-02-18 15:06:00'),
(621, 621, '', 'LADO IMPAR', 'LIBRE', 0, 6, NULL, '2020-02-18 15:06:00'),
(622, 622, '', 'LADO PAR', 'LIBRE', 0, 6, NULL, '2020-02-18 15:06:00'),
(623, 623, '', 'LADO IMPAR', 'LIBRE', 0, 6, NULL, '2020-02-18 15:06:00'),
(624, 624, '', 'LADO PAR', 'LIBRE', 0, 6, NULL, '2020-02-18 15:06:00'),
(625, 625, '', 'LADO IMPAR', 'LIBRE', 0, 6, NULL, '2020-02-18 15:06:00'),
(626, 626, '', 'LADO PAR', 'LIBRE', 0, 6, NULL, '2020-02-18 15:06:00'),
(627, 627, '', 'LADO IMPAR', 'LIBRE', 0, 6, NULL, '2020-02-18 15:06:00'),
(628, 628, '', 'LADO PAR', 'LIBRE', 0, 6, NULL, '2020-02-18 15:06:00'),
(629, 629, '', 'LADO IMPAR', 'LIBRE', 0, 6, NULL, '2020-02-18 15:06:00'),
(630, 630, '', 'LADO PAR', 'LIBRE', 0, 6, NULL, '2020-02-18 15:06:00'),
(631, 631, '', 'LADO IMPAR', 'LIBRE', 0, 6, NULL, '2020-02-18 15:06:00'),
(632, 632, '', 'LADO PAR', 'LIBRE', 0, 6, NULL, '2020-02-18 15:06:00'),
(633, 633, '', 'LADO IMPAR', 'LIBRE', 0, 6, NULL, '2020-02-18 15:06:00'),
(634, 634, '', 'LADO PAR', 'LIBRE', 0, 6, NULL, '2020-02-18 15:06:00'),
(635, 635, '', 'LADO IMPAR', 'LIBRE', 0, 6, NULL, '2020-02-18 15:06:00'),
(636, 636, '', 'LADO PAR', 'LIBRE', 0, 6, NULL, '2020-02-18 15:06:00'),
(637, 637, '', 'LADO IMPAR', 'LIBRE', 0, 6, NULL, '2020-02-18 15:06:00'),
(638, 638, '', 'LADO PAR', 'LIBRE', 0, 6, NULL, '2020-02-18 15:06:00'),
(639, 639, '', 'LADO IMPAR', 'LIBRE', 0, 6, NULL, '2020-02-18 15:06:00'),
(640, 640, '', 'LADO PAR', 'LIBRE', 0, 6, NULL, '2020-02-18 15:06:00'),
(641, 641, '', 'LADO IMPAR', 'LIBRE', 0, 6, NULL, '2020-02-18 15:06:00'),
(642, 642, '', 'LADO PAR', 'LIBRE', 0, 6, NULL, '2020-02-18 15:06:00'),
(643, 643, '', 'LADO IMPAR', 'LIBRE', 0, 6, NULL, '2020-02-18 15:06:00'),
(644, 644, '', 'LADO PAR', 'LIBRE', 0, 6, NULL, '2020-02-18 15:06:00'),
(645, 645, '', 'LADO IMPAR', 'LIBRE', 0, 6, NULL, '2020-02-18 15:06:00'),
(646, 646, '', 'LADO PAR', 'LIBRE', 0, 6, NULL, '2020-02-18 15:06:00'),
(647, 647, '', 'LADO IMPAR', 'LIBRE', 0, 6, NULL, '2020-02-18 15:06:00'),
(648, 648, '', 'LADO PAR', 'LIBRE', 0, 6, NULL, '2020-02-18 15:06:00'),
(649, 649, '', 'LADO IMPAR', 'LIBRE', 0, 6, NULL, '2020-02-18 15:06:00'),
(650, 650, '', 'LADO PAR', 'LIBRE', 0, 6, NULL, '2020-02-18 15:06:00'),
(651, 651, '', 'LADO IMPAR', 'LIBRE', 0, 6, NULL, '2020-02-18 15:06:00'),
(652, 652, '', 'LADO PAR', 'LIBRE', 0, 6, NULL, '2020-02-18 15:06:00'),
(653, 653, '', 'LADO IMPAR', 'LIBRE', 0, 6, NULL, '2020-02-18 15:06:00'),
(654, 654, '', 'LADO PAR', 'LIBRE', 0, 6, NULL, '2020-02-18 15:06:00'),
(655, 655, '', 'LADO IMPAR', 'LIBRE', 0, 6, NULL, '2020-02-18 15:06:00'),
(656, 656, '', 'LADO PAR', 'LIBRE', 0, 6, NULL, '2020-02-18 15:06:00'),
(657, 657, '', 'LADO IMPAR', 'LIBRE', 0, 6, NULL, '2020-02-18 15:06:00'),
(658, 658, '', 'LADO PAR', 'LIBRE', 0, 6, NULL, '2020-02-18 15:06:00'),
(659, 659, '', 'LADO IMPAR', 'LIBRE', 0, 6, NULL, '2020-02-18 15:06:00'),
(660, 660, '', 'LADO PAR', 'LIBRE', 0, 6, NULL, '2020-02-18 15:06:00'),
(661, 661, '', 'LADO IMPAR', 'LIBRE', 0, 6, NULL, '2020-02-18 15:06:00'),
(662, 662, '', 'LADO PAR', 'LIBRE', 0, 6, NULL, '2020-02-18 15:06:00'),
(663, 663, '', 'LADO IMPAR', 'LIBRE', 0, 6, NULL, '2020-02-18 15:06:00'),
(664, 664, '', 'LADO PAR', 'LIBRE', 0, 6, NULL, '2020-02-18 15:06:00'),
(665, 665, '', 'LADO IMPAR', 'LIBRE', 0, 6, NULL, '2020-02-18 15:06:00'),
(666, 666, '', 'LADO PAR', 'LIBRE', 0, 6, NULL, '2020-02-18 15:06:00'),
(667, 667, '', 'LADO IMPAR', 'LIBRE', 0, 6, NULL, '2020-02-18 15:06:00'),
(668, 668, '', 'LADO PAR', 'LIBRE', 0, 6, NULL, '2020-02-18 15:06:00'),
(669, 669, '', 'LADO IMPAR', 'LIBRE', 0, 6, NULL, '2020-02-18 15:06:00'),
(670, 670, '', 'LADO PAR', 'LIBRE', 0, 6, NULL, '2020-02-18 15:06:00'),
(671, 671, '', 'LADO IMPAR', 'LIBRE', 0, 6, NULL, '2020-02-18 15:06:00'),
(672, 672, '', 'LADO PAR', 'LIBRE', 0, 6, NULL, '2020-02-18 15:06:00'),
(673, 673, '', 'LADO IMPAR', 'LIBRE', 0, 6, NULL, '2020-02-18 15:06:00'),
(674, 674, '', 'LADO PAR', 'LIBRE', 0, 6, NULL, '2020-02-18 15:06:00'),
(701, 701, '', 'LADO IMPAR', 'LIBRE', 0, 8, NULL, '2020-02-18 15:06:00'),
(702, 702, '', 'LADO PAR', 'LIBRE', 0, 8, NULL, '2020-02-18 15:06:00'),
(703, 703, '', 'LADO IMPAR', 'LIBRE', 0, 8, NULL, '2020-02-18 15:06:00'),
(704, 704, '', 'LADO PAR', 'LIBRE', 0, 8, NULL, '2020-02-18 15:06:00'),
(705, 705, '', 'LADO IMPAR', 'LIBRE', 0, 8, NULL, '2020-02-18 15:06:00'),
(706, 706, '', 'LADO PAR', 'LIBRE', 0, 8, NULL, '2020-02-18 15:06:00'),
(707, 707, '', 'LADO IMPAR', 'LIBRE', 0, 8, NULL, '2020-02-18 15:06:00'),
(708, 708, '', 'LADO PAR', 'LIBRE', 0, 8, NULL, '2020-02-18 15:06:00'),
(709, 709, '', 'LADO IMPAR', 'LIBRE', 0, 8, NULL, '2020-02-18 15:06:00'),
(710, 710, '', 'LADO PAR', 'LIBRE', 0, 8, NULL, '2020-02-18 15:06:00'),
(711, 711, '', 'LADO IMPAR', 'LIBRE', 0, 8, NULL, '2020-02-18 15:06:00'),
(712, 712, '', 'LADO PAR', 'LIBRE', 0, 8, NULL, '2020-02-18 15:06:00'),
(713, 713, '', 'LADO IMPAR', 'LIBRE', 0, 8, NULL, '2020-02-18 15:06:00'),
(714, 714, '', 'LADO PAR', 'LIBRE', 0, 8, NULL, '2020-02-18 15:06:00'),
(715, 715, '', 'LADO IMPAR', 'LIBRE', 0, 8, NULL, '2020-02-18 15:06:00'),
(716, 716, '', 'LADO PAR', 'LIBRE', 0, 8, NULL, '2020-02-18 15:06:00'),
(717, 717, '', 'LADO IMPAR', 'LIBRE', 0, 8, NULL, '2020-02-18 15:06:00'),
(718, 718, '', 'LADO PAR', 'LIBRE', 0, 8, NULL, '2020-02-18 15:06:00'),
(719, 719, '', 'LADO IMPAR', 'LIBRE', 0, 8, NULL, '2020-02-18 15:06:00'),
(720, 720, '', 'LADO PAR', 'LIBRE', 0, 8, NULL, '2020-02-18 15:06:00'),
(721, 721, '', 'LADO IMPAR', 'LIBRE', 0, 8, NULL, '2020-02-18 15:06:00'),
(722, 722, '', 'LADO PAR', 'LIBRE', 0, 8, NULL, '2020-02-18 15:06:00'),
(723, 723, '', 'LADO IMPAR', 'LIBRE', 0, 8, NULL, '2020-02-18 15:06:00'),
(724, 724, '', 'LADO PAR', 'LIBRE', 0, 8, NULL, '2020-02-18 15:06:00'),
(725, 725, '', 'LADO IMPAR', 'LIBRE', 0, 8, NULL, '2020-02-18 15:06:00'),
(726, 726, '', 'LADO PAR', 'LIBRE', 0, 8, NULL, '2020-02-18 15:06:00'),
(727, 727, '', 'LADO IMPAR', 'LIBRE', 0, 8, NULL, '2020-02-18 15:06:00'),
(728, 728, '', 'LADO PAR', 'LIBRE', 0, 8, NULL, '2020-02-18 15:06:00'),
(729, 729, '', 'LADO IMPAR', 'LIBRE', 0, 8, NULL, '2020-02-18 15:06:00'),
(730, 730, '', 'LADO PAR', 'LIBRE', 0, 8, NULL, '2020-02-18 15:06:00'),
(731, 731, '', 'LADO IMPAR', 'LIBRE', 0, 8, NULL, '2020-02-18 15:06:00'),
(732, 732, '', 'LADO PAR', 'LIBRE', 0, 8, NULL, '2020-02-18 15:06:00'),
(733, 733, '', 'LADO IMPAR', 'LIBRE', 0, 8, NULL, '2020-02-18 15:06:00'),
(734, 734, '', 'LADO PAR', 'LIBRE', 0, 8, NULL, '2020-02-18 15:06:00'),
(735, 735, '', 'LADO IMPAR', 'LIBRE', 0, 8, NULL, '2020-02-18 15:06:00'),
(736, 736, '', 'LADO PAR', 'LIBRE', 0, 8, NULL, '2020-02-18 15:06:00'),
(737, 737, '', 'LADO IMPAR', 'LIBRE', 0, 8, NULL, '2020-02-18 15:06:00'),
(738, 738, '', 'LADO PAR', 'LIBRE', 0, 8, NULL, '2020-02-18 15:06:00'),
(739, 739, '', 'LADO IMPAR', 'LIBRE', 0, 8, NULL, '2020-02-18 15:06:00'),
(740, 740, '', 'LADO PAR', 'LIBRE', 0, 8, NULL, '2020-02-18 15:06:00'),
(741, 741, '', 'LADO IMPAR', 'LIBRE', 0, 8, NULL, '2020-02-18 15:06:00'),
(742, 742, '', 'LADO PAR', 'LIBRE', 0, 8, NULL, '2020-02-18 15:06:00'),
(743, 743, '', 'LADO IMPAR', 'LIBRE', 0, 8, NULL, '2020-02-18 15:06:00'),
(744, 744, '', 'LADO PAR', 'LIBRE', 0, 8, NULL, '2020-02-18 15:06:00'),
(745, 745, '', 'LADO IMPAR', 'LIBRE', 0, 8, NULL, '2020-02-18 15:06:00'),
(746, 746, '', 'LADO PAR', 'LIBRE', 0, 8, NULL, '2020-02-18 15:06:00'),
(747, 747, '', 'LADO IMPAR', 'LIBRE', 0, 8, NULL, '2020-02-18 15:06:00'),
(748, 748, '', 'LADO PAR', 'LIBRE', 0, 8, NULL, '2020-02-18 15:06:00'),
(749, 749, '', 'LADO IMPAR', 'LIBRE', 0, 8, NULL, '2020-02-18 15:06:00'),
(750, 750, '', 'LADO PAR', 'LIBRE', 0, 8, NULL, '2020-02-18 15:06:00'),
(751, 751, '', 'LADO IMPAR', 'LIBRE', 0, 8, NULL, '2020-02-18 15:06:00'),
(752, 752, '', 'LADO PAR', 'LIBRE', 0, 8, NULL, '2020-02-18 15:06:00'),
(753, 753, '', 'LADO IMPAR', 'LIBRE', 0, 8, NULL, '2020-02-18 15:06:00'),
(754, 754, '', 'LADO PAR', 'LIBRE', 0, 8, NULL, '2020-02-18 15:06:00'),
(755, 755, '', 'LADO IMPAR', 'LIBRE', 0, 8, NULL, '2020-02-18 15:06:00'),
(756, 756, '', 'LADO PAR', 'LIBRE', 0, 8, NULL, '2020-02-18 15:06:00'),
(757, 757, '', 'LADO IMPAR', 'LIBRE', 0, 8, NULL, '2020-02-18 15:06:00'),
(758, 758, '', 'LADO PAR', 'LIBRE', 0, 8, NULL, '2020-02-18 15:06:00'),
(759, 759, '', 'LADO IMPAR', 'LIBRE', 0, 8, NULL, '2020-02-18 15:06:00'),
(760, 760, '', 'LADO PAR', 'LIBRE', 0, 8, NULL, '2020-02-18 15:06:00'),
(761, 761, '', 'LADO IMPAR', 'LIBRE', 0, 8, NULL, '2020-02-18 15:06:00'),
(762, 762, '', 'LADO PAR', 'LIBRE', 0, 8, NULL, '2020-02-18 15:06:00'),
(763, 763, '', 'LADO IMPAR', 'LIBRE', 0, 8, NULL, '2020-02-18 15:06:00'),
(764, 764, '', 'LADO PAR', 'LIBRE', 0, 8, NULL, '2020-02-18 15:06:00'),
(765, 765, '', 'LADO IMPAR', 'LIBRE', 0, 8, NULL, '2020-02-18 15:06:00'),
(766, 766, '', 'LADO PAR', 'LIBRE', 0, 8, NULL, '2020-02-18 15:06:00'),
(767, 767, '', 'LADO IMPAR', 'LIBRE', 0, 8, NULL, '2020-02-18 15:06:00'),
(768, 768, '', 'LADO PAR', 'LIBRE', 0, 8, NULL, '2020-02-18 15:06:00'),
(769, 769, '', 'LADO IMPAR', 'LIBRE', 0, 8, NULL, '2020-02-18 15:06:00'),
(770, 770, '', 'LADO PAR', 'LIBRE', 0, 8, NULL, '2020-02-18 15:06:00'),
(771, 771, '', 'LADO IMPAR', 'LIBRE', 0, 8, NULL, '2020-02-18 15:06:00'),
(772, 772, '', 'LADO PAR', 'LIBRE', 0, 8, NULL, '2020-02-18 15:06:00'),
(773, 773, '', 'LADO IMPAR', 'LIBRE', 0, 8, NULL, '2020-02-18 15:06:00'),
(774, 774, '', 'LADO PAR', 'LIBRE', 0, 8, NULL, '2020-02-18 15:06:00'),
(801, 801, '', 'LADO IMPAR', 'LIBRE', 0, 7, NULL, '2020-02-18 15:06:00'),
(802, 802, '', 'LADO PAR', 'LIBRE', 0, 7, NULL, '2020-02-18 15:06:00'),
(803, 803, '', 'LADO IMPAR', 'LIBRE', 0, 7, NULL, '2020-02-18 15:06:00'),
(804, 804, '', 'LADO PAR', 'LIBRE', 0, 7, NULL, '2020-02-18 15:06:00'),
(805, 805, '', 'LADO IMPAR', 'LIBRE', 0, 7, NULL, '2020-02-18 15:06:00'),
(806, 806, '', 'LADO PAR', 'LIBRE', 0, 7, NULL, '2020-02-18 15:06:00'),
(807, 807, '', 'LADO IMPAR', 'LIBRE', 0, 7, NULL, '2020-02-18 15:06:00'),
(808, 808, '', 'LADO PAR', 'LIBRE', 0, 7, NULL, '2020-02-18 15:06:00'),
(809, 809, '', 'LADO IMPAR', 'LIBRE', 0, 7, NULL, '2020-02-18 15:06:00'),
(810, 810, '', 'LADO PAR', 'LIBRE', 0, 7, NULL, '2020-02-18 15:06:00'),
(811, 811, '', 'LADO IMPAR', 'LIBRE', 0, 7, NULL, '2020-02-18 15:06:00'),
(812, 812, '', 'LADO PAR', 'LIBRE', 0, 7, NULL, '2020-02-18 15:06:00'),
(813, 813, '', 'LADO IMPAR', 'LIBRE', 0, 7, NULL, '2020-02-18 15:06:00'),
(814, 814, '', 'LADO PAR', 'LIBRE', 0, 7, NULL, '2020-02-18 15:06:00'),
(815, 815, '', 'LADO IMPAR', 'LIBRE', 0, 7, NULL, '2020-02-18 15:06:00'),
(816, 816, '', 'LADO PAR', 'LIBRE', 0, 7, NULL, '2020-02-18 15:06:00'),
(817, 817, '', 'LADO IMPAR', 'LIBRE', 0, 7, NULL, '2020-02-18 15:06:00'),
(818, 818, '', 'LADO PAR', 'LIBRE', 0, 7, NULL, '2020-02-18 15:06:00'),
(819, 819, '', 'LADO IMPAR', 'LIBRE', 0, 7, NULL, '2020-02-18 15:06:00'),
(820, 820, '', 'LADO PAR', 'LIBRE', 0, 7, NULL, '2020-02-18 15:06:00'),
(821, 821, '', 'LADO IMPAR', 'LIBRE', 0, 7, NULL, '2020-02-18 15:06:00'),
(822, 822, '', 'LADO PAR', 'LIBRE', 0, 7, NULL, '2020-02-18 15:06:00'),
(823, 823, '', 'LADO IMPAR', 'LIBRE', 0, 7, NULL, '2020-02-18 15:06:00'),
(824, 824, '', 'LADO PAR', 'LIBRE', 0, 7, NULL, '2020-02-18 15:06:00'),
(825, 825, '', 'LADO IMPAR', 'LIBRE', 0, 7, NULL, '2020-02-18 15:06:00'),
(826, 826, '', 'LADO PAR', 'LIBRE', 0, 7, NULL, '2020-02-18 15:06:00'),
(827, 827, '', 'LADO IMPAR', 'LIBRE', 0, 7, NULL, '2020-02-18 15:06:00'),
(828, 828, '', 'LADO PAR', 'LIBRE', 0, 7, NULL, '2020-02-18 15:06:00'),
(829, 829, '', 'LADO IMPAR', 'LIBRE', 0, 7, NULL, '2020-02-18 15:06:00'),
(830, 830, '', 'LADO PAR', 'LIBRE', 0, 7, NULL, '2020-02-18 15:06:00'),
(831, 831, '', 'LADO IMPAR', 'LIBRE', 0, 7, NULL, '2020-02-18 15:06:00'),
(832, 832, '', 'LADO PAR', 'LIBRE', 0, 7, NULL, '2020-02-18 15:06:00'),
(833, 833, '', 'LADO IMPAR', 'LIBRE', 0, 7, NULL, '2020-02-18 15:06:00'),
(834, 834, '', 'LADO PAR', 'LIBRE', 0, 7, NULL, '2020-02-18 15:06:00'),
(835, 835, '', 'LADO IMPAR', 'LIBRE', 0, 7, NULL, '2020-02-18 15:06:00'),
(836, 836, '', 'LADO PAR', 'LIBRE', 0, 7, NULL, '2020-02-18 15:06:00'),
(837, 837, '', 'LADO IMPAR', 'LIBRE', 0, 7, NULL, '2020-02-18 15:06:00'),
(838, 838, '', 'LADO PAR', 'LIBRE', 0, 7, NULL, '2020-02-18 15:06:00'),
(839, 839, '', 'LADO IMPAR', 'LIBRE', 0, 7, NULL, '2020-02-18 15:06:00'),
(840, 840, '', 'LADO PAR', 'LIBRE', 0, 7, NULL, '2020-02-18 15:06:00'),
(841, 841, '', 'LADO IMPAR', 'LIBRE', 0, 7, NULL, '2020-02-18 15:06:00'),
(842, 842, '', 'LADO PAR', 'LIBRE', 0, 7, NULL, '2020-02-18 15:06:00'),
(843, 843, '', 'LADO IMPAR', 'LIBRE', 0, 7, NULL, '2020-02-18 15:06:00'),
(844, 844, '', 'LADO PAR', 'LIBRE', 0, 7, NULL, '2020-02-18 15:06:00'),
(845, 845, '', 'LADO IMPAR', 'LIBRE', 0, 7, NULL, '2020-02-18 15:06:00'),
(846, 846, '', 'LADO PAR', 'LIBRE', 0, 7, NULL, '2020-02-18 15:06:00'),
(847, 847, '', 'LADO IMPAR', 'LIBRE', 0, 7, NULL, '2020-02-18 15:06:00'),
(848, 848, '', 'LADO PAR', 'LIBRE', 0, 7, NULL, '2020-02-18 15:06:00'),
(849, 849, '', 'LADO IMPAR', 'LIBRE', 0, 7, NULL, '2020-02-18 15:06:00'),
(850, 850, '', 'LADO PAR', 'LIBRE', 0, 7, NULL, '2020-02-18 15:06:00'),
(851, 851, '', 'LADO IMPAR', 'LIBRE', 0, 7, NULL, '2020-02-18 15:06:00'),
(852, 852, '', 'LADO PAR', 'LIBRE', 0, 7, NULL, '2020-02-18 15:06:00'),
(853, 853, '', 'LADO IMPAR', 'LIBRE', 0, 7, NULL, '2020-02-18 15:06:00'),
(854, 854, '', 'LADO PAR', 'LIBRE', 0, 7, NULL, '2020-02-18 15:06:00'),
(855, 855, '', 'LADO IMPAR', 'LIBRE', 0, 7, NULL, '2020-02-18 15:06:00'),
(856, 856, '', 'LADO PAR', 'LIBRE', 0, 7, NULL, '2020-02-18 15:06:00'),
(857, 857, '', 'LADO IMPAR', 'LIBRE', 0, 7, NULL, '2020-02-18 15:06:00'),
(858, 858, '', 'LADO PAR', 'LIBRE', 0, 7, NULL, '2020-02-18 15:06:00'),
(859, 859, '', 'LADO IMPAR', 'LIBRE', 0, 7, NULL, '2020-02-18 15:06:00'),
(860, 860, '', 'LADO PAR', 'LIBRE', 0, 7, NULL, '2020-02-18 15:06:00'),
(861, 861, '', 'LADO IMPAR', 'LIBRE', 0, 7, NULL, '2020-02-18 15:06:00'),
(862, 862, '', 'LADO PAR', 'LIBRE', 0, 7, NULL, '2020-02-18 15:06:00'),
(863, 863, '', 'LADO IMPAR', 'LIBRE', 0, 7, NULL, '2020-02-18 15:06:00'),
(864, 864, '', 'LADO PAR', 'LIBRE', 0, 7, NULL, '2020-02-18 15:06:00'),
(865, 865, '', 'LADO IMPAR', 'LIBRE', 0, 7, NULL, '2020-02-18 15:06:00'),
(866, 866, '', 'LADO PAR', 'LIBRE', 0, 7, NULL, '2020-02-18 15:06:00'),
(867, 867, '', 'LADO IMPAR', 'LIBRE', 0, 7, NULL, '2020-02-18 15:06:00'),
(868, 868, '', 'LADO PAR', 'LIBRE', 0, 7, NULL, '2020-02-18 15:06:00'),
(869, 869, '', 'LADO IMPAR', 'LIBRE', 0, 7, NULL, '2020-02-18 15:06:00'),
(870, 870, '', 'LADO PAR', 'LIBRE', 0, 7, NULL, '2020-02-18 15:06:00'),
(871, 871, '', 'LADO IMPAR', 'LIBRE', 0, 7, NULL, '2020-02-18 15:06:00'),
(872, 872, '', 'LADO PAR', 'LIBRE', 0, 7, NULL, '2020-02-18 15:06:00'),
(873, 873, '', 'LADO IMPAR', 'LIBRE', 0, 7, NULL, '2020-02-18 15:06:00'),
(874, 874, '', 'LADO PAR', 'LIBRE', 0, 7, NULL, '2020-02-18 15:06:00');

-- --------------------------------------------------------

--
-- Table structure for table `clientes`
--

CREATE TABLE `clientes` (
  `Id` int(11) NOT NULL,
  `_nombre` varchar(191) COLLATE utf8_unicode_ci DEFAULT NULL,
  `_dni` int(11) UNSIGNED DEFAULT NULL,
  `_domicilio` varchar(191) COLLATE utf8_unicode_ci DEFAULT NULL,
  `_localidad` varchar(191) COLLATE utf8_unicode_ci DEFAULT NULL,
  `_telefono` int(11) UNSIGNED DEFAULT NULL,
  `_email` varchar(191) COLLATE utf8_unicode_ci DEFAULT NULL,
  `_created_at` datetime DEFAULT NULL,
  `_id_carpa` int(11) DEFAULT NULL,
  `_patente_auto` varchar(191) COLLATE utf8_unicode_ci DEFAULT NULL,
  `_pago` varchar(191) COLLATE utf8_unicode_ci DEFAULT NULL,
  `_contrato` varchar(191) COLLATE utf8_unicode_ci DEFAULT NULL,
  `_email__alternativo` varchar(191) COLLATE utf8_unicode_ci DEFAULT NULL,
  `_created__t` datetime DEFAULT NULL,
  `id_cochera1` int(11) DEFAULT NULL,
  `id_cochera2` int(11) DEFAULT NULL
) ENGINE=InnoDB DEFAULT CHARSET=utf8 COLLATE=utf8_unicode_ci COMMENT='client data';

--
-- Dumping data for table `clientes`
--


INSERT INTO `clientes` (`Id`, `_nombre`, `_dni`, `_domicilio`, `_localidad`, `_telefono`, `_email`, `_created_at`, `_id_carpa`, `_patente_auto`, `_pago`, `_contrato`, `_email__alternativo`, `_created__t`, `id_cochera1`, `id_cochera2`) VALUES
(2, 'CARREIRA JORGE', 1, 'S/D', 'S/L', '0011-4911-0174 / 15-5177-7207', 'S/M', '2020-09-08 09:00:34', 213, 'S/P', 'S/P', 'Temporada', 'S/M', '2020-09-08 09:00:34', 0, 0),
(3, 'DASILVA ALEJANDRO', 1, 'BARRIO LOMAS DEL GOLF MZA 4 CASA 23', 'MAR DEL PLATA', '22354443560', 'S/M', '2020-09-08 09:00:34', 817, 'S/P', 'S/P', 'Temporada', 'S/M', '2020-09-08 09:00:34', 0, 0),
(4, 'FONTE LEONARDO', 1, 'S/D', 'S/L', '00', 'S/M', '2020-09-08 09:00:34', 427, 'S/P', 'S/P', 'Temporada', 'S/M', '2020-09-08 09:00:34', 0, 0),
(5, 'GAGLIO ALDO - LUCIA', 1, 'BOGOTA 856 1B', 'S/L', '0011 4988-0187 / 4855-7577 ALDO', 'S/M', '2020-09-08 09:00:34', 224, 'S/P', 'S/P', 'Temporada', 'S/M', '2020-09-08 09:00:34', 0, 0),
(6, 'NUCCIARONE LUCIANA', 1, 'S/D', 'S/L', '22359294360', 'S/M', '2020-09-08 09:00:34', 637, 'S/P', 'S/P', 'Temporada', 'S/M', '2020-09-08 09:00:34', 0, 0),
(7, 'MOSSO JAVIER', 1, 'DELLEPIANE 1083', 'S/L', '4823383 / 1552598380', 'S/M', '2020-09-08 09:00:34', 706, 'S/P', 'S/P', 'Temporada', 'S/M', '2020-09-08 09:00:34', 0, 0),
(8, 'DURAN VERONICA', 1, 'ASCUENAGA 2588 ENTREPISO', 'MAR DEL PLATA', 'CARPA 416)494-6282 / 155-248275 JUAN RODRIGO', 'S/M', '2020-09-08 09:00:34', 453, 'S/P', 'S/P', 'Temporada', 'S/M', '2020-09-08 09:00:34', 0, 0),
(9, 'BURGO CARLOS', 1, 'S/D', 'S/L', '011377735210', 'S/M', '2020-09-08 09:00:34', 206, 'S/P', 'S/P', 'Temporada', 'S/M', '2020-09-08 09:00:34', 0, 0),
(10, 'MONTOBBIO / AGUERREBERRY', 1, 'S/D', 'S/L', '01159668435/ 01144362810', 'S/M', '2020-09-08 09:00:34', 105, 'S/P', 'S/P', 'Temporada', 'S/M', '2020-09-08 09:00:34', 0, 0),
(11, 'FLORES MARIA DEL CARMEN', 1, 'S/D', 'S/L', '2234815512 / 1553180830', 'S/M', '2020-09-08 09:00:34', 422, 'S/P', 'S/P', 'Temporada', 'S/M', '2020-09-08 09:00:34', 0, 0),
(12, 'TURINI BERNARDO', 1, 'S/D', 'MAR DEL PLATA', '0471-1785', 'S/M', '2020-09-08 09:00:34', 215, 'S/P', 'S/P', 'Temporada', 'S/M', '2020-09-08 09:00:34', 0, 0),
(13, 'BRUNI VERONICA', 1, 'S/D', 'S/L', '00', 'S/M', '2020-09-08 09:00:34', 250, 'S/P', 'S/P', 'Temporada', 'S/M', '2020-09-08 09:00:34', 0, 0),
(14, 'BETTIN MERCEDES', 1, 'S/D', 'S/L', '4820585 / 1546610950', 'S/M', '2020-09-08 09:00:34', 752, 'S/P', 'S/P', 'Temporada', 'S/M', '2020-09-08 09:00:34', 0, 0),
(15, 'QUINTERO ALEJANDRO', 1, 'S/D', 'S/L', '00', 'S/M', '2020-09-08 09:00:34', 670, 'S/P', 'S/P', 'Temporada', 'S/M', '2020-09-08 09:00:34', 0, 0),
(16, 'CAVALO DANIEL', 0, 'CAP DELGADO 1009 3-9', 'S/L', '001147558042', 'S/M', '2020-09-08 09:00:34', 449, 'S/P', 'S/P', 'S/C', 'S/M', '2020-09-08 09:00:34', 0, 0),
(17, 'EMILIANI HERNAN', 0, 'S/D', 'S/L', 'FIJO 4764184 CEL 1556363130', 'S/M', '2020-09-08 09:00:34', 626, 'S/P', 'S/P', 'S/C', 'S/M', '2020-09-08 09:00:34', 0, 0),
(18, 'NAVARRO JORGE', 0, 'CASTELLI 2763', 'MAR DEL PLATA', '2901609241 / 49527840', 'S/M', '2020-09-08 09:00:34', 415, 'S/P', 'S/P', 'S/C', 'S/M', '2020-09-08 09:00:34', 0, 0),
(19, 'LOPEZ JORGE - MARCELA', 0, 'PARAGUAY 1215 7', 'CAPITAL FEDERAL', '00114816-3986 / 011 15-6834-6507', 'S/M', '2020-09-08 09:00:34', 270, 'S/P', 'S/P', 'S/C', 'S/M', '2020-09-08 09:00:34', 0, 0),
(20, 'ALVAREZ MARIA BELEN', 0, 'S/D', 'S/L', '2235460947 / 47210430', 'S/M', '2020-09-08 09:00:34', 757, 'S/P', 'S/P', 'S/C', 'S/M', '2020-09-08 09:00:34', 0, 0),
(21, 'STABILE MIGUEL', 0, 'HERNANDARIAS 6378', 'MAR DEL PLATA', '482-4418482-3001 / 154-978269', 'S/M', '2020-09-08 09:00:34', 440, 'S/P', 'S/P', 'S/C', 'S/M', '2020-09-08 09:00:34', 0, 0),
(22, 'PEREZ CARLOS DANIEL', 0, 'BOUCHARD 5680', 'MAR DEL PLATA', '22348122380', 'S/M', '2020-09-08 09:00:34', 571, 'S/P', 'S/P', 'S/C', 'S/M', '2020-09-08 09:00:34', 0, 0),
(23, 'ALVAREZ NESTOR', 0, 'S/D', 'S/L', '22368426350', 'S/M', '2020-09-08 09:00:34', 847, 'S/P', 'S/P', 'S/C', 'S/M', '2020-09-08 09:00:34', 0, 0),
(24, 'FOURCADE NICOLAS', 0, 'S/D', 'MAR DEL PLATA', '0156201660 / 156828306', 'S/M', '2020-09-08 09:00:34', 708, 'S/P', 'S/P', 'S/C', 'S/M', '2020-09-08 09:00:34', 0, 0),
(25, 'AMALLA MARIA LAURA', 0, 'VIA DEL MAR 853', 'mar del plata', '1553413940', 'S/M', '2020-09-08 09:00:34', 550, 'S/P', 'S/P', 'S/C', 'S/M', '2020-09-08 09:00:34', 0, 0),
(26, 'ROBISCO PAULINA', 0, 'DON BOSCO 335', 'MAR DEL PLATA', '47378180', 'S/M', '2020-09-08 09:00:34', 623, 'S/P', 'S/P', 'S/C', 'S/M', '2020-09-08 09:00:34', 0, 0),
(27, 'POLLINZI ROSA', 0, 'lanzilota 954', 'mar del plata', '4803799 / 1550551140', 'S/M', '2020-09-08 09:00:34', 234, 'S/P', 'S/P', 'S/C', 'S/M', '2020-09-08 09:00:34', 0, 0),
(28, 'BUONO GRECO', 0, 'S/D', 'S/L', 'FIJO 4842365 CEL 1554246910', 'S/M', '2020-09-08 09:00:34', 747, 'S/P', 'S/P', 'S/C', 'S/M', '2020-09-08 09:00:34', 0, 0),
(29, 'CARDENES MARCELA', 0, 'S/D', 'S/L', '22368765610', 'S/M', '2020-09-08 09:00:34', 771, 'S/P', 'S/P', 'S/C', 'S/M', '2020-09-08 09:00:34', 0, 0),
(30, 'RALLI SERGIO', 0, 'GARAY 3693', 'MAR DEL PLATA', '04935131 / 154242455', 'S/M', '2020-09-08 09:00:34', 237, 'S/P', 'S/P', 'S/C', 'S/M', '2020-09-08 09:00:34', 0, 0),
(31, 'PETRONE FERNANDA', 0, 'S/D', 'S/L', '2234984389 / 47579920', 'S/M', '2020-09-08 09:00:34', 523, 'S/P', 'S/P', 'S/C', 'S/M', '2020-09-08 09:00:34', 0, 0),
(32, 'PICON MAXIMILIANO', 0, 'ESTADO DE ISRAEL 2232', 'MAR DEL PLATA', '0477-3256 / 155-255726', 'S/M', '2020-09-08 09:00:34', 339, 'S/P', 'S/P', 'S/C', 'S/M', '2020-09-08 09:00:34', 0, 0),
(33, 'SAVIGNAC VALERIA', 0, 'S/D', 'MAR DEL PLATA', '0155822350 /', 'S/M', '2020-09-08 09:00:34', 353, 'S/P', 'S/P', 'S/C', 'S/M', '2020-09-08 09:00:34', 0, 0),
(34, 'PETITTI  GUSTAVO', 0, 'S/D', 'S/L', '4720387/1550410960', 'S/M', '2020-09-08 09:00:34', 671, 'S/P', 'S/P', 'S/C', 'S/M', '2020-09-08 09:00:34', 0, 0),
(35, 'FERNANDEZ ROMINA', 0, 'S/D', 'S/L', '4791883 / 48411810', 'S/M', '2020-09-08 09:00:34', 604, 'S/P', 'S/P', 'S/C', 'S/M', '2020-09-08 09:00:34', 0, 0),
(36, 'LOPEZ DE ARMENTIA', 0, 'S/D', 'S/L', 'FIJO 4747943 CEL 1549806780', 'S/M', '2020-09-08 09:00:34', 158, 'S/P', 'S/P', 'S/C', 'S/M', '2020-09-08 09:00:34', 0, 0),
(37, 'MERLO SEBASTIAN', 0, 'AZCUENAGA 2840', 'MAR DEL PLATA', '1543619754939862', 'S/M', '2020-09-08 09:00:34', 740, 'S/P', 'S/P', 'S/C', 'S/M', '2020-09-08 09:00:34', 0, 0),
(38, 'PERTUSO PABLO DANIEL', 0, 'S/D', 'S/L', '22358090240', 'S/M', '2020-09-08 09:00:34', 664, 'S/P', 'S/P', 'S/C', 'S/M', '2020-09-08 09:00:34', 0, 0),
(39, 'SANTOS - BARHICH', 0, 'LAMADRID 2649 DEPTO K', 'MAR DEL PLATA', '02235785134', 'S/M', '2020-09-08 09:00:34', 212, 'S/P', 'S/P', 'S/C', 'S/M', '2020-09-08 09:00:34', 0, 0),
(40, 'GONZALEZ SALOME', 0, 'HIPOLITO IRIGOYEN 2257 3C', 'MAR DEL PLATA', '495-1430 / 155514715/070', 'S/M', '2020-09-08 09:00:34', 669, 'S/P', 'S/P', 'S/C', 'S/M', '2020-09-08 09:00:34', 0, 0),
(41, 'MONTERO / TERRY', 0, 'S/D', 'S/L', '00', 'S/M', '2020-09-08 09:00:34', 169, 'S/P', 'S/P', 'S/C', 'S/M', '2020-09-08 09:00:34', 0, 0),
(42, 'PROIA / GHELARDUCCI', 0, 'S/D', 'S/L', '00', 'S/M', '2020-09-08 09:00:34', 501, 'S/P', 'S/P', 'S/C', 'S/M', '2020-09-08 09:00:34', 0, 0),
(43, 'URBANIK DIEGO', 0, 'MATEOTI 1360', 'MAR DEL PLATA', '2234379241 / 48307980', 'S/M', '2020-09-08 09:00:34', 559, 'S/P', 'S/P', 'S/C', 'S/M', '2020-09-08 09:00:34', 0, 0),
(44, 'MATTERA FEDERICO', 0, 'S/D', 'S/L', '22358163560', 'S/M', '2020-09-08 09:00:34', 624, 'S/P', 'S/P', 'S/C', 'S/M', '2020-09-08 09:00:34', 0, 0),
(45, 'JUAN MARTA', 0, 'S/D', 'S/L', '00', 'S/M', '2020-09-08 09:00:34', 508, 'S/P', 'S/P', 'S/C', 'S/M', '2020-09-08 09:00:34', 0, 0),
(46, 'BERECIARTUA MONICA', 0, 'LISANDRO DE LA TORRE 816', 'MAR DEL PLATA', '4817358 / 22357936970', 'S/M', '2020-09-08 09:00:34', 554, 'S/P', 'S/P', 'S/C', 'S/M', '2020-09-08 09:00:34', 0, 0),
(47, 'GROSSI NANCY', 0, 'S/D', 'MAR DEL PLAAT', '0489-7748 / 155-195970', 'S/M', '2020-09-08 09:00:34', 871, 'S/P', 'S/P', 'S/C', 'S/M', '2020-09-08 09:00:34', 0, 0),
(48, 'ANZUINELLI LAURA VIRGINIA', 0, 'GENERAL RIVAS 4143', 'S/L', '22368057860', 'S/M', '2020-09-08 09:00:34', 716, 'S/P', 'S/P', 'S/C', 'S/M', '2020-09-08 09:00:34', 0, 0),
(49, 'CESAR / SUEYRO', 0, 'S/D', 'S/L', '00', 'S/M', '2020-09-08 09:00:34', 542, 'S/P', 'S/P', 'S/C', 'S/M', '2020-09-08 09:00:34', 0, 0),
(50, 'MARCENARO ANTONIO TOMAS', 0, 'AV. COLON 2056 8 A', 'S/L', '4953304 / 22351810150', 'S/M', '2020-09-08 09:00:34', 240, 'S/P', 'S/P', 'S/C', 'S/M', '2020-09-08 09:00:34', 0, 0),
(51, 'GABILAN ARIADNA', 0, '1 MAYO 255', 'MAR DEL PLATA', '22356091322235774197', 'S/M', '2020-09-08 09:00:34', 613, 'S/P', 'S/P', 'S/C', 'S/M', '2020-09-08 09:00:34', 0, 0),
(52, 'BAZAN DANIEL', 0, 'NAPOLES 6020', 'MAR DEL PLATA', 'FIJO 4841295 CEL 154229860(BRENDA)481-8685', 'S/M', '2020-09-08 09:00:34', 413, 'S/P', 'S/P', 'S/C', 'S/M', '2020-09-08 09:00:34', 0, 0),
(53, 'VARELA VERONICA', 0, 'FOURNIER 2658 - CAPITAL FEDERAL', 'S/L', '2235378567890', 'S/M', '2020-09-08 09:00:34', 247, 'S/P', 'S/P', 'S/C', 'S/M', '2020-09-08 09:00:34', 0, 0),
(54, 'MILONE MARIA BELEN', 0, 'S/D', 'S/L', '22352664830', 'S/M', '2020-09-08 09:00:34', 140, 'S/P', 'S/P', 'S/C', 'S/M', '2020-09-08 09:00:34', 0, 0),
(55, 'TONELLO SILVINA', 0, 'AZCUENAGA 1440 DEPTO 2', 'MAR DEL PLATA', '156833560 / 48093820', 'S/M', '2020-09-08 09:00:34', 455, 'S/P', 'S/P', 'S/C', 'S/M', '2020-09-08 09:00:34', 0, 0),
(56, 'ALONSO ANDREA', 0, 'LANZILOTA 1232', 'MAR DEL PLATA', '22355843110', 'S/M', '2020-09-08 09:00:34', 23, 'S/P', 'S/P', 'S/C', 'S/M', '2020-09-08 09:00:34', 0, 0),
(57, 'PONCE GUILLERMO', 0, 'S/D', 'S/L', '22353033418 / 45150370', 'S/M', '2020-09-08 09:00:34', 117, 'S/P', 'S/P', 'S/C', 'S/M', '2020-09-08 09:00:34', 0, 0),
(58, 'BOCHETTO LUCAS', 0, 'S/D', 'S/L', 'FIJO 4792797 CEL 1568282740', 'S/M', '2020-09-08 09:00:34', 869, 'S/P', 'S/P', 'S/C', 'S/M', '2020-09-08 09:00:34', 0, 0),
(59, 'ARTASU JIMENA', 0, 'S/D', 'S/L', '2235428995 / 2231544985180', 'S/M', '2020-09-08 09:00:34', 728, 'S/P', 'S/P', 'S/C', 'S/M', '2020-09-08 09:00:34', 0, 0),
(60, 'BURGOS GABRIELA', 0, 'ACHA 163 PISO 10 DPTO 6', 'MAR DEL PLATA', '0489-4171 / 2236012746', 'S/M', '2020-09-08 09:00:34', 658, 'S/P', 'S/P', 'S/C', 'S/M', '2020-09-08 09:00:34', 0, 0),
(61, 'CREGO STELLA', 0, 'S/D', 'S/L', '0011 4760-9489 / 011 15-4938-6216', 'S/M', '2020-09-08 09:00:34', 351, 'S/P', 'S/P', 'S/C', 'S/M', '2020-09-08 09:00:34', 0, 0),
(62, 'GARDEY GUSTAVO', 0, 'AZOPARDO 8049', 'S/L', '4828534/ 22340617770', 'S/M', '2020-09-08 09:00:34', 727, 'S/P', 'S/P', 'S/C', 'S/M', '2020-09-08 09:00:34', 0, 0),
(63, 'GERVASIO GABRIELA', 0, 'S/D', 'S/L', '22369120950', 'S/M', '2020-09-08 09:00:34', 701, 'S/P', 'S/P', 'S/C', 'S/M', '2020-09-08 09:00:34', 0, 0),
(64, 'PECORALE MARCELO', 0, 'S/D', 'S/L', '22357510230', 'S/M', '2020-09-08 09:00:34', 252, 'S/P', 'S/P', 'S/C', 'S/M', '2020-09-08 09:00:34', 0, 0),
(65, 'OCAMPO CARLOS', 0, 'MITRE 4154 4  PISO', 'MAR DEL PLATA', '0155520031 / 4953334', 'S/M', '2020-09-08 09:00:34', 457, 'S/P', 'S/P', 'S/C', 'S/M', '2020-09-08 09:00:34', 0, 0),
(66, 'MEDEI / VALVERDE', 0, 'S/D', 'S/L', '00', 'S/M', '2020-09-08 09:00:34', 620, 'S/P', 'S/P', 'S/C', 'S/M', '2020-09-08 09:00:34', 0, 0),
(67, 'MAGGI PATRICIA', 0, 'SOLIS 3430 6TO 6', 'MAR DEL PLATA', '155970326 PATRICIA480-9779', 'S/M', '2020-09-08 09:00:34', 256, 'S/P', 'S/P', 'S/C', 'S/M', '2020-09-08 09:00:34', 0, 0),
(68, 'VILLANUCCI ANDREA', 0, 'vestoso 842', 'mar del plata', '0155189371 ANDREA', 'S/M', '2020-09-08 09:00:34', 651, 'S/P', 'S/P', 'S/C', 'S/M', '2020-09-08 09:00:34', 0, 0),
(69, 'ALANIS JUAN RODOLFO', 0, 'AV 39 4279', 'MAR DEL PLATA', '0/ 154-989141', 'S/M', '2020-09-08 09:00:34', 245, 'S/P', 'S/P', 'S/C', 'S/M', '2020-09-08 09:00:34', 0, 0),
(70, 'LAFRATTA / PALACIOS', 0, 'S/D', 'S/L', '00', 'S/M', '2020-09-08 09:00:34', 831, 'S/P', 'S/P', 'S/C', 'S/M', '2020-09-08 09:00:34', 0, 0),
(71, 'LOPEZ ELIDA MERCEDES', 0, '540 N 936 7 PISO', 'LA PLATA', '00221-482-5072 / 0221-5567671', 'S/M', '2020-09-08 09:00:34', 225, 'S/P', 'S/P', 'S/C', 'S/M', '2020-09-08 09:00:34', 0, 0),
(72, 'CAMARGO MATIAS', 0, 'CERETTI 2279', 'MAR DEL PLATA', '4833033 / 1560712420', 'S/M', '2020-09-08 09:00:34', 719, 'S/P', 'S/P', 'S/C', 'S/M', '2020-09-08 09:00:34', 0, 0),
(73, 'LAVINI MARCELO', 0, 'S/D', 'S/L', '2235033327 / 22354709630', 'S/M', '2020-09-08 09:00:34', 115, 'S/P', 'S/P', 'S/C', 'S/M', '2020-09-08 09:00:34', 0, 0),
(74, 'RETA ALEJANDRO', 0, 'S/D', 'S/L', '2234549301 / 45139750', 'S/M', '2020-09-08 09:00:34', 543, 'S/P', 'S/P', 'S/C', 'S/M', '2020-09-08 09:00:34', 0, 0),
(75, 'GABILAN / PEREZ', 0, 'S/D', 'S/L', '00', 'S/M', '2020-09-08 09:00:34', 614, 'S/P', 'S/P', 'S/C', 'S/M', '2020-09-08 09:00:34', 0, 0),
(76, 'PELAEZ RICARDO', 0, 'S/D', 'S/L', '155639868 / 49342110', 'S/M', '2020-09-08 09:00:34', 356, 'S/P', 'S/P', 'S/C', 'S/M', '2020-09-08 09:00:34', 0, 0),
(77, 'LORENZO CANALE', 0, 'S/D', 'MAR DEL PLATA', '0480822448082224 / 155-762609', 'S/M', '2020-09-08 09:00:34', 645, 'S/P', 'S/P', 'S/C', 'S/M', '2020-09-08 09:00:34', 0, 0),
(78, 'LORENZO CANALE', 0, 'S/D', 'MAR DEL PLATA', '0480822448082224 / 155-762609', 'S/M', '2020-09-08 09:00:34', 647, 'S/P', 'S/P', 'S/C', 'S/M', '2020-09-08 09:00:34', 0, 0),
(79, 'SANTANCIERO ROBERTO', 0, 'MANUEL LAINES 37', 'MENDOZA', '00261 4224667 / 0261 156-532626 ADRIANA', 'S/M', '2020-09-08 09:00:34', 101, 'S/P', 'S/P', 'S/C', 'S/M', '2020-09-08 09:00:34', 0, 0),
(80, 'ROJAS JULIO EDUARDO', 0, 'S/D', 'S/L', '00', 'S/M', '2020-09-08 09:00:34', 248, 'S/P', 'S/P', 'S/C', 'S/M', '2020-09-08 09:00:34', 0, 0),
(81, 'SIRVENT MARTIN NICOLAS', 0, 'FOURNIER 2644 FRENTE', 'MAR DEL PLATA', '0223-1561681344842140', 'S/M', '2020-09-08 09:00:34', 618, 'S/P', 'S/P', 'S/C', 'S/M', '2020-09-08 09:00:34', 0, 0),
(82, 'BRAEZ GERMAN', 0, 'FORTUNATO DE LA PLAZA 6834', 'MDP', '4825487 .. 154391535 /360', 'S/M', '2020-09-08 09:00:34', 533, 'S/P', 'S/P', 'S/C', 'S/M', '2020-09-08 09:00:34', 0, 0),
(83, 'CORDIGLIA VIVIANA - RUBEN', 0, 'VILLAFAE 1609 1 PISO', 'CAP FEDERAL', '0011 4362-7577', 'S/M', '2020-09-08 09:00:34', 409, 'S/P', 'S/P', 'S/C', 'S/M', '2020-09-08 09:00:34', 0, 0),
(84, 'SIMONE JOSE ANTONIO', 0, 'S/D', 'S/L', '4755264 / 1556740110', 'S/M', '2020-09-08 09:00:34', 318, 'S/P', 'S/P', 'S/C', 'S/M', '2020-09-08 09:00:34', 0, 0),
(85, 'NAVARRO SILVIA', 0, 'OLAZABAL 282 - MAR DEL PLATA', 'S/L', '4729386/ 22359028950', 'S/M', '2020-09-08 09:00:34', 723, 'S/P', 'S/P', 'S/C', 'S/M', '2020-09-08 09:00:34', 0, 0),
(87, 'PERCARA - FRANCO', 0, 'JOSE HERNANDEZ 1557', 'MAR DEL PLATA', '475-5203 / 155-702094155-443539 / 480-5362', 'S/M', '2020-09-08 09:00:34', 255, 'S/P', 'S/P', 'S/C', 'S/M', '2020-09-08 09:00:34', 0, 0),
(88, 'CHOCO SILVINA', 0, 'NECOCHEA 3656', 'S/L', '4910534PATRICIA 154468409', 'S/M', '2020-09-08 09:00:34', 251, 'S/P', 'S/P', 'S/C', 'S/M', '2020-09-08 09:00:34', 0, 0),
(89, 'SORAGNI GABRIELA', 0, 'S/D', 'S/L', '156815022 / 47820150', 'S/M', '2020-09-08 09:00:34', 265, 'S/P', 'S/P', 'S/C', 'S/M', '2020-09-08 09:00:34', 0, 0),
(90, 'GENOVA CIANCIO', 0, 'S/D', 'S/L', '154227649tiene problemas con la tarjera, si o si esperarlo sin aumento agos', 'S/M', '2020-09-08 09:00:34', 736, 'S/P', 'S/P', 'S/C', 'S/M', '2020-09-08 09:00:34', 0, 0),
(91, 'GIGNOLI LUCAS', 0, 'LARREA 2912', 'MAR DEL PLATA', '156827835 / 47239650', 'S/M', '2020-09-08 09:00:34', 619, 'S/P', 'S/P', 'S/C', 'S/M', '2020-09-08 09:00:34', 0, 0),
(92, 'SILVER', 0, 'ALEJANDRO KORN 1518', 'MAR DEL PLATA', '0489-1365 / 155-525159 CRISTINA', 'S/M', '2020-09-08 09:00:34', 859, 'S/P', 'S/P', 'S/C', 'S/M', '2020-09-08 09:00:34', 0, 0),
(93, 'TIANI SILVANA', 0, 'S/D', 'S/L', '00', 'S/M', '2020-09-08 09:00:34', 734, 'S/P', 'S/P', 'S/C', 'S/M', '2020-09-08 09:00:34', 0, 0),
(94, 'BULE/ PEREZ MARQUEZ', 0, 'VALENTIN BERGARA 1942', 'MAR DEL PLATA', '0156201320', 'S/M', '2020-09-08 09:00:34', 302, 'S/P', 'S/P', 'S/C', 'S/M', '2020-09-08 09:00:34', 0, 0),
(95, 'CASAMAYOR VIRGINIA', 0, 'S/D', 'S/L', '0155391050', 'S/M', '2020-09-08 09:00:34', 724, 'S/P', 'S/P', 'S/C', 'S/M', '2020-09-08 09:00:34', 0, 0),
(96, 'ORELLANO / VEGA', 0, 'FALKNER 4265', 'S/L', '22354169380', 'S/M', '2020-09-08 09:00:34', 222, 'S/P', 'S/P', 'S/C', 'S/M', '2020-09-08 09:00:34', 0, 0),
(97, 'SAUAN LOANA', 0, 'JACINTO PERALTA RAMOS 2175', 'MAR DEL PLATA', '2234554913 /2235440323', 'S/M', '2020-09-08 09:00:34', 540, 'S/P', 'S/P', 'S/C', 'S/M', '2020-09-08 09:00:34', 0, 0),
(98, 'FLORES ALICIA NOEMI', 0, 'DIAGONAL GARIBALDI 5154', 'MAR DEL PLATA', '22359666540', 'S/M', '2020-09-08 09:00:34', 745, 'S/P', 'S/P', 'S/C', 'S/M', '2020-09-08 09:00:34', 0, 0),
(99, 'VIDAL ANDREA', 0, 'S/D', 'S/L', 'FIJO 4828344 CEL 155620759 (ANDREA)155507474  llamar a este', 'S/M', '2020-09-08 09:00:34', 833, 'S/P', 'S/P', 'S/C', 'S/M', '2020-09-08 09:00:34', 0, 0),
(100, 'SUAREZ NORMA', 0, 'S/D', 'S/L', '2235360577 / 48912550', 'S/M', '2020-09-08 09:00:34', 509, 'S/P', 'S/P', 'S/C', 'S/M', '2020-09-08 09:00:34', 0, 0),
(101, 'GARCIA CAROLINA', 0, 'S/D', 'S/L', '22353740130', 'S/M', '2020-09-08 09:00:34', 834, 'S/P', 'S/P', 'S/C', 'S/M', '2020-09-08 09:00:34', 0, 0),
(102, 'JULIANO', 0, 'S/D', 'S/L', 'FIJO 4763043 CEL 155201044155 345037', 'S/M', '2020-09-08 09:00:34', 549, 'S/P', 'S/P', 'S/C', 'S/M', '2020-09-08 09:00:34', 0, 0),
(103, 'LUNA PATRICIA', 0, 'PUAN 6379', 'MAR DEL PLATA', '0481-0225 / 155-036304', 'S/M', '2020-09-08 09:00:34', 355, 'S/P', 'S/P', 'S/C', 'S/M', '2020-09-08 09:00:34', 0, 0),
(104, 'BRUNO ISAIAS', 0, 'diagonal gascon 2170', 'MAR DEL PLATA', '22357967410', 'S/M', '2020-09-08 09:00:34', 704, 'S/P', 'S/P', 'S/C', 'S/M', '2020-09-08 09:00:34', 0, 0),
(105, 'BRUNO ISAIAS', 0, 'diagonal gascon 2170', 'MAR DEL PLATA', '22357967410', 'S/M', '2020-09-08 09:00:34', 702, 'S/P', 'S/P', 'S/C', 'S/M', '2020-09-08 09:00:34', 0, 0),
(106, 'DIAZ CRISTINA', 0, 'FRANCIA 651', 'MAR DEL PLAAT', '2236929366473-9350 / 155-303015', 'S/M', '2020-09-08 09:00:34', 239, 'S/P', 'S/P', 'S/C', 'S/M', '2020-09-08 09:00:34', 0, 0),
(107, 'SUAREZ / ZORZI', 0, 'ALBERTI 1637 3 L', 'MAR DEL PLATA', '154386534 / 45173100', 'S/M', '2020-09-08 09:00:34', 622, 'S/P', 'S/P', 'S/C', 'S/M', '2020-09-08 09:00:34', 0, 0),
(108, 'PAIARDINI ALBERTO', 0, 'BS AS 3156', 'MAR DEL PLATA', '0495-8742 / 155-302805', 'S/M', '2020-09-08 09:00:34', 216, 'S/P', 'S/P', 'S/C', 'S/M', '2020-09-08 09:00:34', 0, 0),
(109, 'MARCHIONI ANGEL RAFAEL', 0, 'POLONIA 600', 'MAR DEL PLATA', '04828367 / 155250903', 'S/M', '2020-09-08 09:00:34', 363, 'S/P', 'S/P', 'S/C', 'S/M', '2020-09-08 09:00:34', 0, 0),
(110, 'STRINGINI LIONEL', 0, 'S/D', 'S/L', '2235029082 / 48741880', 'S/M', '2020-09-08 09:00:34', 461, 'S/P', 'S/P', 'S/C', 'S/M', '2020-09-08 09:00:34', 0, 0),
(111, 'BODORIQUIAN JORGE', 0, 'S/D', 'MAR DEL PLATA', '0154-983130 / 485-0342', 'S/M', '2020-09-08 09:00:34', 754, 'S/P', 'S/P', 'S/C', 'S/M', '2020-09-08 09:00:34', 0, 0),
(112, 'RODRIGUEZ MARIA CRISTINA', 0, 'TALCAHUANO 1479 DEPTO A', 'MAR DEL PLATA', '22345442540', 'S/M', '2020-09-08 09:00:34', 617, 'S/P', 'S/P', 'S/C', 'S/M', '2020-09-08 09:00:34', 0, 0),
(113, 'BARGA LUIS', 0, 'SAN LORENZO 869', 'MAR DEL PLATA', '0486-0182 / 2235750432', 'S/M', '2020-09-08 09:00:34', 646, 'S/P', 'S/P', 'S/C', 'S/M', '2020-09-08 09:00:34', 0, 0),
(114, 'ASSANDRI ARMANDO', 0, 'NEW YORK 4822', 'CAPITAL FEDERAL', '0011 4502-6365 / 011 15-5691 5886', 'S/M', '2020-09-08 09:00:34', 306, 'S/P', 'S/P', 'S/C', 'S/M', '2020-09-08 09:00:34', 0, 0),
(115, 'URSINO ADRIANA', 0, 'S/D', 'S/L', 'CEL 156823959 ADRIANA0', 'S/M', '2020-09-08 09:00:34', 631, 'S/P', 'S/P', 'S/C', 'S/M', '2020-09-08 09:00:34', 0, 0),
(116, 'SILVERIO GUSTAVO', 0, 'S/D', 'S/L', '0154478251 GUSTAVO 4936351 DAVID', 'S/M', '2020-09-08 09:00:34', 269, 'S/P', 'S/P', 'S/C', 'S/M', '2020-09-08 09:00:34', 0, 0),
(117, 'MANCEBO MARIA LORENA', 0, 'LAPRIDA 3164', 'MAR DEL PLATA', '4721935 / 22354288310', 'S/M', '2020-09-08 09:00:34', 837, 'S/P', 'S/P', 'S/C', 'S/M', '2020-09-08 09:00:34', 0, 0),
(118, 'MURRAY GABRIELA', 0, 'S/D', 'S/L', '22354195710', 'S/M', '2020-09-08 09:00:34', 722, 'S/P', 'S/P', 'S/C', 'S/M', '2020-09-08 09:00:34', 0, 0),
(119, 'ESPARZA PABLO', 0, 'S/D', 'S/L', '00', 'S/M', '2020-09-08 09:00:34', 616, 'S/P', 'S/P', 'S/C', 'S/M', '2020-09-08 09:00:34', 0, 0),
(120, 'ALEGRE /AZCOITI', 0, 'PESCADORES 2815', 'MAR DEL PLATA', '22342131234850818', 'S/M', '2020-09-08 09:00:34', 725, 'S/P', 'S/P', 'S/C', 'S/M', '2020-09-08 09:00:34', 0, 0),
(121, 'MEZA CARINA', 0, 'GALICIA 115', 'MAR DEL PLATA', '156035589COCHERA 632 DESCUBIERTA', 'S/M', '2020-09-08 09:00:34', 641, 'S/P', 'S/P', 'S/C', 'S/M', '2020-09-08 09:00:34', 0, 0),
(122, 'ALVAREZ / MADRID', 0, 'MITRE 3020 2 A', 'MAR DEL PLATA', '0491-5255 / 154-557707 / 155-970886 nicolas', 'S/M', '2020-09-08 09:00:34', 552, 'S/P', 'S/P', 'S/C', 'S/M', '2020-09-08 09:00:34', 0, 0),
(123, 'SCIURANO FERNANDO - ALICIA', 0, 'LA PRIDA 2321', 'MAR DEL PLATA', '0493-1465 / 155-136182 / 155-497920', 'S/M', '2020-09-08 09:00:34', 410, 'S/P', 'S/P', 'S/C', 'S/M', '2020-09-08 09:00:34', 0, 0),
(124, 'SCIURANO FERNANDO - ALICIA', 0, 'LA PRIDA 2321', 'MAR DEL PLATA', '0493-1465 / 155-136182 / 155-497920', 'S/M', '2020-09-08 09:00:34', 407, 'S/P', 'S/P', 'S/C', 'S/M', '2020-09-08 09:00:34', 0, 0),
(125, 'SUAREZ GUSTAVO', 0, 'S/D', 'S/L', '2235357352 / 49544810', 'S/M', '2020-09-08 09:00:34', 730, 'S/P', 'S/P', 'S/C', 'S/M', '2020-09-08 09:00:34', 0, 0),
(126, 'VALLEJOS LUCIANA', 0, 'S/D', 'S/L', '1553830320', 'S/M', '2020-09-08 09:00:34', 257, 'S/P', 'S/P', 'S/C', 'S/M', '2020-09-08 09:00:34', 0, 0),
(127, 'PALERMO JUAN', 0, 'S/D', 'S/L', '00', 'S/M', '2020-09-08 09:00:34', 503, 'S/P', 'S/P', 'S/C', 'S/M', '2020-09-08 09:00:34', 0, 0),
(128, 'GIORGIOVICH LAURA ROCIO', 0, 'CHACO 2417', 'S/L', '2235949680 / 47617460', 'S/M', '2020-09-08 09:00:34', 667, 'S/P', 'S/P', 'S/C', 'S/M', '2020-09-08 09:00:34', 0, 0),
(129, 'ESPELET RICARDO', 0, 'S/D', 'MAR DEL PLATA', '4932344   154 368313(CLAUDIA)472-0921 / 155-762773', 'S/M', '2020-09-08 09:00:34', 710, 'S/P', 'S/P', 'S/C', 'S/M', '2020-09-08 09:00:34', 0, 0),
(130, 'IARRITU NICOLAS', 0, 'S/D', 'S/L', '2234460289 / 47138990', 'S/M', '2020-09-08 09:00:34', 530, 'S/P', 'S/P', 'S/C', 'S/M', '2020-09-08 09:00:34', 0, 0),
(131, 'BLANDINO - CABAA', 0, 'S/D', 'S/L', '155276122 / 48067600', 'S/M', '2020-09-08 09:00:34', 159, 'S/P', 'S/P', 'S/C', 'S/M', '2020-09-08 09:00:34', 0, 0),
(132, 'PEREA GLADYS', 0, 'S/D', 'MAR DEL PLATA', '487-5248 / 155-2669434788405  CEL 155266943', 'S/M', '2020-09-08 09:00:34', 674, 'S/P', 'S/P', 'S/C', 'S/M', '2020-09-08 09:00:34', 0, 0),
(133, 'DAGLIO ROXANA', 0, 'S/D', 'S/L', '48417220', 'S/M', '2020-09-08 09:00:34', 267, 'S/P', 'S/P', 'S/C', 'S/M', '2020-09-08 09:00:34', 0, 0),
(134, 'COLOMBO NICOLAS', 0, 'ALBERTI 5220', 'MAR DEL PLATA', '02235480048 / 4729107', 'S/M', '2020-09-08 09:00:34', 268, 'S/P', 'S/P', 'S/C', 'S/M', '2020-09-08 09:00:34', 0, 0),
(135, 'CAMPANER DIEGO', 0, 'S/D', 'S/L', '4787716 /  1554828900', 'S/M', '2020-09-08 09:00:34', 451, 'S/P', 'S/P', 'S/C', 'S/M', '2020-09-08 09:00:34', 0, 0),
(136, 'DI SANTOLO NADIA', 0, 'S/D', 'S/L', '00', 'S/M', '2020-09-08 09:00:34', 403, 'S/P', 'S/P', 'S/C', 'S/M', '2020-09-08 09:00:34', 0, 0),
(137, 'FERNANDEZ DANIEL MAURICIO', 0, 'S/D', 'S/L', 'FIJO 4815871 CEL 22356291990', 'S/M', '2020-09-08 09:00:34', 717, 'S/P', 'S/P', 'S/C', 'S/M', '2020-09-08 09:00:34', 0, 0),
(138, 'ACOSTA MARIO', 0, 'S/D', 'S/L', '4892567   155789831155789839', 'S/M', '2020-09-08 09:00:34', 157, 'S/P', 'S/P', 'S/C', 'S/M', '2020-09-08 09:00:34', 0, 0),
(139, 'QUIROGA GABRIELA', 0, 'S/D', 'S/L', '4832499  /  1569149510', 'S/M', '2020-09-08 09:00:34', 534, 'S/P', 'S/P', 'S/C', 'S/M', '2020-09-08 09:00:34', 0, 0),
(140, 'AGUIAR ALEJANDRA', 0, 'S/D', 'S/L', '22365665630', 'S/M', '2020-09-08 09:00:34', 743, 'S/P', 'S/P', 'S/C', 'S/M', '2020-09-08 09:00:34', 0, 0),
(141, 'SABBIONI MARIA INES', 0, 'S/D', 'S/L', '22351292930', 'S/M', '2020-09-08 09:00:34', 525, 'S/P', 'S/P', 'S/C', 'S/M', '2020-09-08 09:00:34', 0, 0),
(142, 'ALE ROMINA', 0, 'S/D', 'S/L', '156864115 / 49161890', 'S/M', '2020-09-08 09:00:34', 249, 'S/P', 'S/P', 'S/C', 'S/M', '2020-09-08 09:00:34', 0, 0),
(143, 'REQUENA DANIEL', 0, 'STGO DEL STERO 3575', 'MAR DEL PLATA', '472-1148 / 155-250466 BIBIANA496-1218 / 155-381266', 'S/M', '2020-09-08 09:00:34', 308, 'S/P', 'S/P', 'S/C', 'S/M', '2020-09-08 09:00:34', 0, 0),
(144, 'ECHEVESTI VANESA', 0, 'S/D', 'S/L', 'FIJO 4729605 CEL 154460579/1544602700', 'S/M', '2020-09-08 09:00:34', 746, 'S/P', 'S/P', 'S/C', 'S/M', '2020-09-08 09:00:34', 0, 0),
(145, 'MAURIN MARIANA', 0, 'S/D', 'S/L', '4761014  1555122420', 'S/M', '2020-09-08 09:00:34', 703, 'S/P', 'S/P', 'S/C', 'S/M', '2020-09-08 09:00:34', 0, 0),
(146, 'CASTAEDA LILIANA', 0, 'BROWN 4763', 'MAR DEL PLATA', '02234497191 LILIANA CASTAEDA', 'S/M', '2020-09-08 09:00:34', 628, 'S/P', 'S/P', 'S/C', 'S/M', '2020-09-08 09:00:34', 0, 0),
(147, 'CASTELLI GONZALEZ MARIA SOL', 0, '11 DE SEPTIEMBRE 3770 DEPTO 6', 'MAR DEL PLATA', '0155425165', 'S/M', '2020-09-08 09:00:34', 633, 'S/P', 'S/P', 'S/C', 'S/M', '2020-09-08 09:00:34', 0, 0),
(148, 'LONGO JOSE', 0, 'S/D', 'S/L', '22357916990', 'S/M', '2020-09-08 09:00:34', 337, 'S/P', 'S/P', 'S/C', 'S/M', '2020-09-08 09:00:34', 0, 0),
(149, 'USAI, NATALIA', 0, 'S/D', 'S/L', '2236334759 /4823.250ENTREGADO', 'S/M', '2020-09-08 09:00:34', 830, 'S/P', 'S/P', 'S/C', 'S/M', '2020-09-08 09:00:34', 0, 0),
(150, 'MAMANI ANTONIO', 0, 'GARAY 6080', 'MAR DEL PLATA', '0155-993372', 'S/M', '2020-09-08 09:00:34', 229, 'S/P', 'S/P', 'S/C', 'S/M', '2020-09-08 09:00:34', 0, 0),
(151, 'DE TOMASO ROSANA', 0, 'ARANA Y GOIRI 3040', 'S/L', '22356515380', 'S/M', '2020-09-08 09:00:34', 469, 'S/P', 'S/P', 'S/C', 'S/M', '2020-09-08 09:00:34', 0, 0),
(152, 'SALOMON MARCELO - BRENDA', 0, 'SICILIA 5435', 'MAR DEL PLATA', '04821551 - 155123162', 'S/M', '2020-09-08 09:00:34', 423, 'S/P', 'S/P', 'S/C', 'S/M', '2020-09-08 09:00:34', 0, 0),
(153, 'GOLDIN PAGES MARIA PAULA', 0, 'SAN JUAN 1378', 'MAR DEL PLATA', '02234230945 /', 'S/M', '2020-09-08 09:00:34', 712, 'S/P', 'S/P', 'S/C', 'S/M', '2020-09-08 09:00:34', 0, 0),
(154, 'COLLOVA SEBASTIAN ARIEL', 0, 'LISANDRO DE LA TORRE 971', 'MAR DEL PLATA', '00223-6327702 / 223-5171151 ANDREA CERMELO', 'S/M', '2020-09-08 09:00:34', 768, 'S/P', 'S/P', 'S/C', 'S/M', '2020-09-08 09:00:34', 0, 0),
(155, 'TABORDA NANCI', 0, 'ARANA Y GOIRI 2940', 'MAR DEL PLATA', '484-2050 / 154-975428 ABEL484-1037 / 156-891231', 'S/M', '2020-09-08 09:00:34', 672, 'S/P', 'S/P', 'S/C', 'S/M', '2020-09-08 09:00:34', 0, 0),
(156, 'DAVICO CECILIA', 0, 'CALAMA 3887', 'MAR DEL PLATA', '0489 2959/154490747 CECILIA DAVICO', 'S/M', '2020-09-08 09:00:34', 168, 'S/P', 'S/P', 'S/C', 'S/M', '2020-09-08 09:00:34', 0, 0),
(157, 'DALPONTE MARIO', 0, 'S/D', 'S/L', '4953731 / 154976050642 DESC', 'S/M', '2020-09-08 09:00:34', 205, 'S/P', 'S/P', 'S/C', 'S/M', '2020-09-08 09:00:34', 0, 0),
(158, 'CONTTI OMAR', 0, 'S/D', 'S/L', '22368072850', 'S/M', '2020-09-08 09:00:34', 638, 'S/P', 'S/P', 'S/C', 'S/M', '2020-09-08 09:00:34', 0, 0),
(159, 'VILLAFAE LILIANA', 0, 'PADREDUTO 137', 'MAR DEL PLATA', 'FIJO 4652206 CELULAR 154469994489-5353 / 155-019955 / 155-568763', 'S/M', '2020-09-08 09:00:34', 259, 'S/P', 'S/P', 'S/C', 'S/M', '2020-09-08 09:00:34', 0, 0),
(160, 'errecalde marcela', 0, 'S/D', 'S/L', '4950703 / 1553513460', 'S/M', '2020-09-08 09:00:34', 857, 'S/P', 'S/P', 'S/C', 'S/M', '2020-09-08 09:00:34', 0, 0),
(161, 'LASTORTA MIGUEL', 0, 'S/D', 'S/L', '22352944150', 'S/M', '2020-09-08 09:00:34', 634, 'S/P', 'S/P', 'S/C', 'S/M', '2020-09-08 09:00:34', 0, 0),
(162, 'LASTORTA MIGUEL', 0, 'S/D', 'S/L', '22352944150', 'S/M', '2020-09-08 09:00:34', 231, 'S/P', 'S/P', 'S/C', 'S/M', '2020-09-08 09:00:34', 0, 0),
(163, 'LOSCALZO FLAVIA', 0, 'S/D', 'S/L', 'FIJO 4892289 CEL 22345557470', 'S/M', '2020-09-08 09:00:34', 573, 'S/P', 'S/P', 'S/C', 'S/M', '2020-09-08 09:00:34', 0, 0),
(164, 'LOSCALZO FLAVIA', 0, 'S/D', 'S/L', 'FIJO 4892289 CEL 22345557470', 'S/M', '2020-09-08 09:00:34', 569, 'S/P', 'S/P', 'S/C', 'S/M', '2020-09-08 09:00:34', 0, 0),
(165, 'LOSCALZO FLAVIA', 0, 'S/D', 'S/L', 'FIJO 4892289 CEL 22345557470', 'S/M', '2020-09-08 09:00:34', 567, 'S/P', 'S/P', 'S/C', 'S/M', '2020-09-08 09:00:34', 0, 0),
(166, 'INDRAGOLI LETICIA', 0, 'S/D', 'S/L', '22359900410', 'S/M', '2020-09-08 09:00:34', 610, 'S/P', 'S/P', 'S/C', 'S/M', '2020-09-08 09:00:34', 0, 0),
(167, 'FERNANDEZ OSCAR HORACIO', 0, 'GARAY 2955 4C', 'MAR DEL PLATA', '155817735ABONA PLAN DENTRO DEL 14 a 17 de cada mes.- por Jubilacion', 'S/M', '2020-09-08 09:00:34', 433, 'S/P', 'S/P', 'S/C', 'S/M', '2020-09-08 09:00:34', 0, 0),
(168, 'JAVIER LATINO', 0, 'S/D', 'S/L', '22365660860', 'S/M', '2020-09-08 09:00:34', 642, 'S/P', 'S/P', 'S/C', 'S/M', '2020-09-08 09:00:34', 0, 0),
(169, 'GOMEZ MARIA DANIELA', 0, 'SAN MARTIN 2267 3A', 'MAR DEL PLATA', '0494-0680 / 154-466523', 'S/M', '2020-09-08 09:00:34', 341, 'S/P', 'S/P', 'S/C', 'S/M', '2020-09-08 09:00:34', 0, 0),
(170, 'FERNANDEZ SERGIO', 0, 'S/D', 'S/L', 'FIJO 4919353 CEL 1530543380', 'S/M', '2020-09-08 09:00:34', 709, 'S/P', 'S/P', 'S/C', 'S/M', '2020-09-08 09:00:34', 0, 0),
(171, 'DABUNDO TOMAS ANTONIO', 0, 'S/D', 'S/L', '00', 'S/M', '2020-09-08 09:00:34', 246, 'S/P', 'S/P', 'S/C', 'S/M', '2020-09-08 09:00:34', 0, 0),
(172, 'FERNANDEZ MARCOS', 0, 'VICENTE LOPEZ 437', 'MAR DEL PLATA', '153-034349 / 48042350', 'S/M', '2020-09-08 09:00:34', 630, 'S/P', 'S/P', 'S/C', 'S/M', '2020-09-08 09:00:34', 0, 0),
(173, 'MORRIS VIVIANA', 0, 'S/D', 'S/L', '22354758530', 'S/M', '2020-09-08 09:00:34', 450, 'S/P', 'S/P', 'S/C', 'S/M', '2020-09-08 09:00:34', 0, 0),
(174, 'MENDIETA SIMON', 0, 'S/D', 'S/L', '2235769393 / 22367028010', 'S/M', '2020-09-08 09:00:34', 435, 'S/P', 'S/P', 'S/C', 'S/M', '2020-09-08 09:00:34', 0, 0),
(175, 'RONCHETTI JESUS', 0, 'carasa 4059', 'MAR DEL PLATA', '1543871540', 'S/M', '2020-09-08 09:00:34', 744, 'S/P', 'S/P', 'S/C', 'S/M', '2020-09-08 09:00:34', 0, 0),
(176, 'CAMIO LANDI', 0, 'S/D', 'S/L', '2236867267 / 47380270', 'S/M', '2020-09-08 09:00:34', 748, 'S/P', 'S/P', 'S/C', 'S/M', '2020-09-08 09:00:34', 0, 0),
(177, 'ARMENTANO VERONICA', 0, '11 DE SEPTIEMBRE 2826', 'COCHERA DESCUBIERTA 656', '2236818531656 DESC', 'S/M', '2020-09-08 09:00:34', 220, 'S/P', 'S/P', 'S/C', 'S/M', '2020-09-08 09:00:34', 0, 0),
(178, 'ORONAS DIEGO JOSE', 0, 'S/D', 'S/L', '22350446720', 'S/M', '2020-09-08 09:00:34', 546, 'S/P', 'S/P', 'S/C', 'S/M', '2020-09-08 09:00:34', 0, 0),
(179, 'BORDEHORE MARIA GRACIELA', 0, 'Almafuerte 1738 - 2A', 'S/L', '451-9654 / 1558391600', 'S/M', '2020-09-08 09:00:34', 411, 'S/P', 'S/P', 'S/C', 'S/M', '2020-09-08 09:00:34', 0, 0),
(180, 'ROJAS SILVINA', 0, 'FAGNANI 1175', 'MAR DEL PLATA', '22368269220', 'S/M', '2020-09-08 09:00:34', 759, 'S/P', 'S/P', 'S/C', 'S/M', '2020-09-08 09:00:34', 0, 0),
(181, 'YEHIA FARIDE', 0, 'BARRIO LOMAS DEL GOLF MANZANA 3 CASA 52', 'MAR DEL PLATA', '155375343 / 46950550', 'S/M', '2020-09-08 09:00:34', 152, 'S/P', 'S/P', 'S/C', 'S/M', '2020-09-08 09:00:34', 0, 0),
(182, 'Alejandro Miguel Clerc', 24914014, 'Calle 36 Nro. 1576', 'Miramar', '2235985815', 'alejandroclerc@gmail.com', '2020-09-09 01:50:42', 655, 'AC314JL', '$ 15 .000  ( IMPLEMENTACION SISTEMA)', 'Temporada', 'alejandroclerc@gmail.com', NULL, 710, 712);
-- --------------------------------------------------------

--
-- Table structure for table `cocheras`
--

CREATE TABLE `cocheras` (
  `id_cocheras` int(11) NOT NULL,
  `numero_cochera` int(11) NOT NULL,
  `cochera_tipo` varchar(20) NOT NULL,
  `tipo_contrato` varchar(11) NOT NULL,
  `observaciones` varchar(255) NOT NULL,
  `id_cliente` int(11) DEFAULT NULL,
  `date_added` datetime NOT NULL
) ENGINE=MyISAM DEFAULT CHARSET=utf8;

--
-- Dumping data for table `cocheras`
--

INSERT INTO `cocheras` (`id_cocheras`, `numero_cochera`, `cochera_tipo`, `tipo_contrato`, `observaciones`, `id_cliente`, `date_added`) VALUES
(134, 134, 'DESCUBIERTA', 'S/C', 'S/O', 0, '2020-03-17 00:00:00'),
(132, 132, 'DESCUBIERTA', 'S/C', 'S/O', 0, '2020-03-17 00:00:00'),
(130, 130, 'DESCUBIERTA', 'S/C', 'S/O', 0, '2020-03-17 00:00:00'),
(128, 128, 'DESCUBIERTA', 'S/C', 'S/O', 0, '2020-03-17 00:00:00'),
(126, 126, 'DESCUBIERTA', 'S/C', 'S/O', 0, '2020-03-17 00:00:00'),
(124, 124, 'DESCUBIERTA', 'S/C', 'S/O', 0, '2020-03-17 00:00:00'),
(122, 122, 'DESCUBIERTA', 'S/C', 'S/O', 0, '2020-03-17 00:00:00'),
(120, 120, 'DESCUBIERTA', 'S/C', 'S/O', 0, '2020-03-17 00:00:00'),
(118, 118, 'DESCUBIERTA', 'S/C', 'S/O', 0, '2020-03-17 00:00:00'),
(116, 116, 'DESCUBIERTA', 'S/C', 'S/O', 0, '2020-03-17 00:00:00'),
(114, 114, 'DESCUBIERTA', 'S/C', 'S/O', 84, '2020-03-17 00:00:00'),
(112, 112, 'DESCUBIERTA', 'S/C', 'S/O', 82, '2020-03-17 00:00:00'),
(110, 110, 'DESCUBIERTA', 'S/C', 'S/O', 83, '2020-03-17 00:00:00'),
(108, 108, 'DESCUBIERTA', 'S/C', 'S/O', 0, '2020-03-17 00:00:00'),
(106, 106, 'DESCUBIERTA', 'S/C', 'S/O', 82, '2020-03-17 00:00:00'),
(104, 104, 'DESCUBIERTA', 'S/C', 'S/O', 0, '2020-03-17 00:00:00'),
(234, 234, 'SEMICUBIERT', 'S/C', ',S/O', 0, '2020-03-17 00:00:00'),
(232, 232, 'SEMICUBIERT', 'S/C', 'S/O', 0, '2020-03-17 00:00:00'),
(230, 230, 'SEMICUBIERT', 'S/C', 'S/O', 0, '2020-03-17 00:00:00'),
(228, 228, 'SEMICUBIERT', 'S/C', 'S/O', 0, '2020-03-17 00:00:00'),
(226, 226, 'SEMICUBIERT', 'S/C', 'S/O', 0, '2020-03-17 00:00:00'),
(224, 224, 'SEMICUBIERT', 'S/C', 'S/O', 0, '2020-03-17 00:00:00'),
(222, 222, 'SEMICUBIERT', 'S/C', 'S/O', 0, '2020-03-17 00:00:00'),
(220, 220, 'SEMICUBIERT', 'S/C', 'S/O', 0, '2020-03-17 00:00:00'),
(218, 218, 'SEMICUBIERT', 'S/C', 'S/O', 0, '2020-03-17 00:00:00'),
(216, 216, 'SEMICUBIERT', 'S/C', 'S/O', 0, '2020-03-17 00:00:00'),
(214, 214, 'SEMICUBIERT', 'S/C', 'S/O', 0, '2020-03-17 00:00:00'),
(212, 212, 'SEMICUBIERT', 'S/C', 'S/O', 0, '2020-03-17 00:00:00'),
(210, 210, 'SEMICUBIERT', 'S/C', 'S/O', 0, '2020-03-17 00:00:00'),
(208, 208, 'SEMICUBIERT', 'S/C', 'S/O', 0, '2020-03-17 00:00:00'),
(206, 206, 'SEMICUBIERT', 'S/C', 'S/O', 0, '2020-03-17 00:00:00'),
(204, 204, 'SEMICUBIERT', 'S/C', 'S/O', 0, '2020-03-17 00:00:00'),
(202, 202, 'SEMICUBIERT', 'S/C', 'S/O', 0, '2020-03-17 00:00:00'),
(268, 268, 'SEMICUBIERT', 'S/C', 'S/O', 0, '2020-03-17 00:00:00'),
(266, 266, 'SEMICUBIERT', 'S/C', 'S/O', 0, '2020-03-17 00:00:00'),
(264, 264, 'SEMICUBIERT', 'S/C', 'S/O', 0, '2020-03-17 00:00:00'),
(262, 262, 'SEMICUBIERT', 'S/C', 'S/O', 0, '2020-03-17 00:00:00'),
(260, 260, 'SEMICUBIERT', 'S/C', 'S/O', 0, '2020-03-17 00:00:00'),
(258, 258, 'SEMICUBIERT', 'S/C', 'S/O', 0, '2020-03-17 00:00:00'),
(256, 256, 'SEMICUBIERT', 'S/C', 'S/O', 0, '2020-03-17 00:00:00'),
(254, 254, 'SEMICUBIERT', 'S/C', 'S/O', 0, '2020-03-17 00:00:00'),
(252, 252, 'SEMICUBIERT', 'S/C', 'S/O', 0, '2020-03-17 00:00:00'),
(250, 250, 'SEMICUBIERT', 'S/C', 'S/O', 0, '2020-03-17 00:00:00'),
(248, 248, 'SEMICUBIERT', 'S/C', 'S/O', 0, '2020-03-17 00:00:00'),
(246, 246, 'SEMICUBIERT', 'S/C', 'S/O', 0, '2020-03-17 00:00:00'),
(244, 244, 'SEMICUBIERT', 'S/C', 'S/O', 0, '2020-03-17 00:00:00'),
(242, 242, 'SEMICUBIERT', 'S/C', 'S/O', 0, '2020-03-17 00:00:00'),
(240, 240, 'SEMICUBIERT', 'S/C', 'S/O', 0, '2020-03-17 00:00:00'),
(238, 238, 'SEMICUBIERT', 'S/C', 'S/O', 0, '2020-03-17 00:00:00'),
(236, 236, 'SEMICUBIERT', 'S/C', 'S/O', 0, '2020-03-17 00:00:00'),
(334, 334, 'SEMICUBIERT', 'S/C', 'S/O', 0, '2020-03-17 00:00:00'),
(332, 332, 'SEMICUBIERT', 'S/C', 'S/O', 0, '2020-03-17 00:00:00'),
(330, 330, 'SEMICUBIERT', 'S/C', 'S/O', 0, '2020-03-17 00:00:00'),
(328, 328, 'SEMICUBIERT', 'S/C', 'S/O', 0, '2020-03-17 00:00:00'),
(326, 326, 'SEMICUBIERT', 'S/C', 'S/O', 0, '2020-03-17 00:00:00'),
(324, 324, 'SEMICUBIERT', 'S/C', 'S/O', 0, '2020-03-17 00:00:00'),
(322, 322, 'SEMICUBIERT', 'S/C', 'S/O', 0, '2020-03-17 00:00:00'),
(320, 320, 'SEMICUBIERT', 'S/C', 'S/O', 0, '2020-03-17 00:00:00'),
(318, 318, 'SEMICUBIERT', 'S/C', 'S/O', 0, '2020-03-17 00:00:00'),
(316, 316, 'SEMICUBIERT', 'S/C', 'S/O', 0, '2020-03-17 00:00:00'),
(314, 314, 'SEMICUBIERT', 'S/C', 'S/O', 0, '2020-03-17 00:00:00'),
(312, 312, 'SEMICUBIERT', 'S/C', 'S/O', 0, '2020-03-17 00:00:00'),
(310, 310, 'SEMICUBIERT', 'S/C', 'S/O', 0, '2020-03-17 00:00:00'),
(308, 308, 'SEMICUBIERT', 'S/C', 'S/O', 0, '2020-03-17 00:00:00'),
(306, 306, 'SEMICUBIERT', 'S/C', 'S/O', 0, '2020-03-17 00:00:00'),
(304, 304, 'SEMICUBIERT', 'S/C', 'S/O', 0, '2020-03-17 00:00:00'),
(368, 368, 'SEMICUBIERT', 'S/C', 'S/O', 0, '2020-03-17 00:00:00'),
(366, 366, 'SEMICUBIERT', 'S/C', 'S/O', 0, '2020-03-17 00:00:00'),
(364, 364, 'SEMICUBIERT', 'S/C', 'S/O', 0, '2020-03-17 00:00:00'),
(362, 362, 'SEMICUBIERT', 'S/C', 'S/O', 0, '2020-03-17 00:00:00'),
(360, 360, 'SEMICUBIERT', 'S/C', 'S/O', 0, '2020-03-17 00:00:00'),
(358, 358, 'SEMICUBIERT', 'S/C', 'S/O', 0, '2020-03-17 00:00:00'),
(356, 356, 'SEMICUBIERT', 'S/C', 'S/O', 0, '2020-03-17 00:00:00'),
(354, 354, 'SEMICUBIERT', 'S/C', 'S/O', 0, '2020-03-17 00:00:00'),
(352, 352, 'SEMICUBIERT', 'S/C', 'S/O', 0, '2020-03-17 00:00:00'),
(350, 350, 'SEMICUBIERT', 'S/C', 'S/O', 0, '2020-03-17 00:00:00'),
(348, 348, 'SEMICUBIERT', 'S/C', 'S/O', 0, '2020-03-17 00:00:00'),
(346, 346, 'SEMICUBIERT', 'S/C', 'S/O', 0, '2020-03-17 00:00:00'),
(344, 344, 'SEMICUBIERT', 'S/C', 'S/O', 0, '2020-03-17 00:00:00'),
(342, 342, 'SEMICUBIERT', 'S/C', 'S/O', 0, '2020-03-17 00:00:00'),
(340, 340, 'SEMICUBIERT', 'S/C', 'S/O', 0, '2020-03-17 00:00:00'),
(338, 338, 'SEMICUBIERT', 'S/C', 'S/O', 0, '2020-03-17 00:00:00'),
(434, 434, 'SEMICUBIERT', 'S/C', 'S/O', 0, '2020-03-17 00:00:00'),
(432, 432, 'SEMICUBIERT', 'S/C', 'S/O', 0, '2020-03-17 00:00:00'),
(430, 430, 'SEMICUBIERT', 'S/C', 'S/O', 0, '2020-03-17 00:00:00'),
(428, 428, 'SEMICUBIERT', 'S/C', 'S/O', 0, '2020-03-17 00:00:00'),
(426, 426, 'SEMICUBIERT', 'S/C', 'S/O', 0, '2020-03-17 00:00:00'),
(424, 424, 'SEMICUBIERT', 'S/C', 'S/O', 0, '2020-03-17 00:00:00'),
(422, 422, 'SEMICUBIERT', 'S/C', 'S/O', 0, '2020-03-17 00:00:00'),
(420, 420, 'SEMICUBIERT', 'S/C', 'S/O', 0, '2020-03-17 00:00:00'),
(418, 418, 'SEMICUBIERT', 'S/C', 'S/O', 0, '2020-03-17 00:00:00'),
(416, 416, 'SEMICUBIERT', 'S/C', 'S/O', 0, '2020-03-17 00:00:00'),
(414, 414, 'SEMICUBIERT', 'S/C', 'S/O', 0, '2020-03-17 00:00:00'),
(412, 412, 'SEMICUBIERT', 'S/C', 'S/O', 0, '2020-03-17 00:00:00'),
(410, 410, 'SEMICUBIERT', 'S/C', 'S/O', 0, '2020-03-17 00:00:00'),
(408, 408, 'SEMICUBIERT', 'S/C', 'S/O', 0, '2020-03-17 00:00:00'),
(406, 406, 'SEMICUBIERT', 'S/C', 'S/O', 0, '2020-03-17 00:00:00'),
(404, 404, 'SEMICUBIERT', 'S/C', 'S/O', 0, '2020-03-17 00:00:00'),
(468, 468, 'SEMICUBIERT', 'S/C', 'S/O', 0, '2020-03-17 00:00:00'),
(466, 466, 'SEMICUBIERT', 'S/C', 'S/O', 0, '2020-03-17 00:00:00'),
(464, 464, 'SEMICUBIERT', 'S/C', 'S/O', 0, '2020-03-17 00:00:00'),
(462, 462, 'SEMICUBIERT', 'S/C', 'S/O', 0, '2020-03-17 00:00:00'),
(460, 460, 'SEMICUBIERT', 'S/C', 'S/O', 0, '2020-03-17 00:00:00'),
(458, 458, 'SEMICUBIERT', 'S/C', 'S/O', 0, '2020-03-17 00:00:00'),
(456, 456, 'SEMICUBIERT', 'S/C', 'S/O', 0, '2020-03-17 00:00:00'),
(454, 454, 'SEMICUBIERT', 'S/C', 'S/O', 0, '2020-03-17 00:00:00'),
(452, 452, 'SEMICUBIERT', 'S/C', 'S/O', 0, '2020-03-17 00:00:00'),
(450, 450, 'SEMICUBIERT', 'S/C', 'S/O', 0, '2020-03-17 00:00:00'),
(448, 448, 'SEMICUBIERT', 'S/C', 'S/O', 0, '2020-03-17 00:00:00'),
(446, 446, 'SEMICUBIERT', 'S/C', 'S/O', 0, '2020-03-17 00:00:00'),
(444, 444, 'SEMICUBIERT', 'S/C', 'S/O', 0, '2020-03-17 00:00:00'),
(442, 442, 'SEMICUBIERT', 'S/C', 'S/O', 0, '2020-03-17 00:00:00'),
(440, 440, 'SEMICUBIERT', 'S/C', 'S/O', 0, '2020-03-17 00:00:00'),
(438, 438, 'SEMICUBIERT', 'S/C', 'S/O', 0, '2020-03-17 00:00:00'),
(534, 534, 'SEMICUBIERT', 'S/C', 'S/O', 0, '2020-03-17 00:00:00'),
(532, 532, 'SEMICUBIERT', 'S/C', 'S/O', 0, '2020-03-17 00:00:00'),
(530, 530, 'SEMICUBIERT', 'S/C', 'S/O', 0, '2020-03-17 00:00:00'),
(528, 528, 'SEMICUBIERT', 'S/C', 'S/O', 0, '2020-03-17 00:00:00'),
(526, 526, 'SEMICUBIERT', 'S/C', 'S/O', 0, '2020-03-17 00:00:00'),
(524, 524, 'SEMICUBIERT', 'S/C', 'S/O', 0, '2020-03-17 00:00:00'),
(522, 522, 'SEMICUBIERT', 'S/C', 'S/O', 0, '2020-03-17 00:00:00'),
(520, 520, 'SEMICUBIERT', 'S/C', 'S/O', 0, '2020-03-17 00:00:00'),
(518, 518, 'SEMICUBIERT', 'S/C', 'S/O', 0, '2020-03-17 00:00:00'),
(516, 516, 'SEMICUBIERT', 'S/C', 'S/O', 0, '2020-03-17 00:00:00'),
(514, 514, 'SEMICUBIERT', 'S/C', 'S/O', 0, '2020-03-17 00:00:00'),
(512, 512, 'SEMICUBIERT', 'S/C', 'S/O', 0, '2020-03-17 00:00:00'),
(510, 510, 'SEMICUBIERT', 'S/C', 'S/O', 0, '2020-03-17 00:00:00'),
(508, 508, 'SEMICUBIERT', 'S/C', 'S/O', 0, '2020-03-17 00:00:00'),
(506, 506, 'SEMICUBIERT', 'S/C', 'S/O', 0, '2020-03-17 00:00:00'),
(504, 504, 'SEMICUBIERT', 'S/C', 'S/O', 0, '2020-03-17 00:00:00'),
(568, 568, 'SEMICUBIERT', 'S/C', 'S/O', 0, '2020-03-17 00:00:00'),
(566, 566, 'SEMICUBIERT', 'S/C', 'S/O', 0, '2020-03-17 00:00:00'),
(564, 564, 'SEMICUBIERT', 'S/C', 'S/O', 0, '2020-03-17 00:00:00'),
(562, 562, 'SEMICUBIERT', 'S/C', 'S/O', 0, '2020-03-17 00:00:00'),
(560, 560, 'SEMICUBIERT', 'S/C', 'S/O', 0, '2020-03-17 00:00:00'),
(558, 558, 'SEMICUBIERT', 'S/C', 'S/O', 0, '2020-03-17 00:00:00'),
(556, 556, 'SEMICUBIERT', 'S/C', 'S/O', 0, '2020-03-17 00:00:00'),
(554, 554, 'SEMICUBIERT', 'S/C', 'S/O', 0, '2020-03-17 00:00:00'),
(552, 552, 'SEMICUBIERT', 'S/C', 'S/O', 0, '2020-03-17 00:00:00'),
(550, 550, 'SEMICUBIERT', 'S/C', 'S/O', 0, '2020-03-17 00:00:00'),
(548, 548, 'SEMICUBIERT', 'S/C', 'S/O', 0, '2020-03-17 00:00:00'),
(546, 546, 'SEMICUBIERT', 'S/C', 'S/O', 0, '2020-03-17 00:00:00'),
(544, 544, 'SEMICUBIERT', 'S/C', 'S/O', 0, '2020-03-17 00:00:00'),
(542, 542, 'SEMICUBIERT', 'S/C', 'S/O', 0, '2020-03-17 00:00:00'),
(540, 540, 'SEMICUBIERT', 'S/C', 'S/O', 0, '2020-03-17 00:00:00'),
(538, 538, 'SEMICUBIERT', 'S/C', 'S/O', 0, '2020-03-17 00:00:00'),
(636, 636, 'SEMICUBIERT', 'S/C', 'S/O', 0, '2020-03-17 00:00:00'),
(634, 634, 'SEMICUBIERT', 'S/C', 'S/O', 0, '2020-03-17 00:00:00'),
(632, 632, 'SEMICUBIERT', 'S/C', 'S/O', 0, '2020-03-17 00:00:00'),
(630, 630, 'SEMICUBIERT', 'S/C', 'S/O', 0, '2020-03-17 00:00:00'),
(628, 628, 'SEMICUBIERT', 'S/C', 'S/O', 0, '2020-03-17 00:00:00'),
(626, 626, 'SEMICUBIERT', 'S/C', 'S/O', 0, '2020-03-17 00:00:00'),
(624, 624, 'SEMICUBIERT', 'S/C', 'S/O', 0, '2020-03-17 00:00:00'),
(622, 622, 'SEMICUBIERT', 'S/C', 'S/O', 0, '2020-03-17 00:00:00'),
(620, 620, 'SEMICUBIERT', 'S/C', 'S/O', 0, '2020-03-17 00:00:00'),
(618, 618, 'SEMICUBIERT', 'S/C', 'S/O', 0, '2020-03-17 00:00:00'),
(616, 616, 'SEMICUBIERT', 'S/C', 'S/O', 0, '2020-03-17 00:00:00'),
(614, 614, 'SEMICUBIERT', 'S/C', 'S/O', 0, '2020-03-17 00:00:00'),
(612, 612, 'SEMICUBIERT', 'S/C', 'S/O', 0, '2020-03-17 00:00:00'),
(610, 610, 'SEMICUBIERT', 'S/C', 'S/O', 0, '2020-03-17 00:00:00'),
(608, 608, 'SEMICUBIERT', 'S/C', 'S/O', 0, '2020-03-17 00:00:00'),
(606, 606, 'SEMICUBIERT', 'S/C', 'S/O', 0, '2020-03-17 00:00:00'),
(604, 604, 'SEMICUBIERT', 'S/C', 'S/O', 0, '2020-03-17 00:00:00'),
(670, 670, 'SEMICUBIERT', 'S/C', 'S/O', 0, '2020-03-17 00:00:00'),
(668, 668, 'SEMICUBIERT', 'S/C', 'S/O', 0, '2020-03-17 00:00:00'),
(666, 666, 'SEMICUBIERT', 'S/C', 'S/O', 0, '2020-03-17 00:00:00'),
(664, 664, 'SEMICUBIERT', 'S/C', 'S/O', 0, '2020-03-17 00:00:00'),
(662, 662, 'SEMICUBIERT', 'S/C', 'S/O', 0, '2020-03-17 00:00:00'),
(660, 660, 'SEMICUBIERT', 'S/C', 'S/O', 0, '2020-03-17 00:00:00'),
(658, 658, 'SEMICUBIERT', 'S/C', 'S/O', 0, '2020-03-17 00:00:00'),
(656, 656, 'SEMICUBIERT', 'S/C', 'S/O', 0, '2020-03-17 00:00:00'),
(654, 654, 'SEMICUBIERT', 'S/C', 'S/O', 0, '2020-03-17 00:00:00'),
(652, 652, 'SEMICUBIERT', 'S/C', 'S/O', 0, '2020-03-17 00:00:00'),
(650, 650, 'SEMICUBIERT', 'S/C', 'S/O', 0, '2020-03-17 00:00:00'),
(648, 648, 'SEMICUBIERT', 'S/C', 'S/O', 0, '2020-03-17 00:00:00'),
(646, 646, 'SEMICUBIERT', 'S/C', 'S/O', 0, '2020-03-17 00:00:00'),
(644, 644, 'SEMICUBIERT', 'S/C', 'S/O', 0, '2020-03-17 00:00:00'),
(642, 642, 'SEMICUBIERT', 'S/C', 'S/O', 0, '2020-03-17 00:00:00'),
(640, 640, 'SEMICUBIERT', 'S/C', 'S/O', 0, '2020-03-17 00:00:00'),
(638, 638, 'SEMICUBIERT', 'S/C', 'S/O', 0, '2020-03-17 00:00:00'),
(102, 102, 'DESCUBIERTA', 'S/C', 'S/O', 0, '2020-03-17 00:00:00'),
(100, 100, 'DESCUBIERTA', 'S/C', 'S/O', 0, '2020-03-17 00:00:00'),
(100, 100, 'DESCUBIERTA', 'S/C', 'S/O', 0, '2020-03-17 00:00:00'),
(101, 101, 'DESCUBIERTA', 'S/C', 'S/O', 0, '2020-03-17 00:00:00'),
(103, 103, 'DESCUBIERTA', 'S/C', 'S/O', 0, '2020-03-17 00:00:00'),
(105, 105, 'DESCUBIERTA', 'S/C', 'S/O', 0, '2020-03-17 00:00:00'),
(107, 107, 'DESCUBIERTA', 'S/C', 'S/O', 0, '2020-03-17 00:00:00'),
(109, 109, 'DESCUBIERTA', 'S/C', 'S/O', 84, '2020-03-17 00:00:00'),
(111, 111, 'DESCUBIERTA', 'S/C', 'S/O', 0, '2020-03-17 00:00:00'),
(113, 113, 'DESCUBIERTA', 'S/C', 'S/O', 83, '2020-03-17 00:00:00'),
(115, 115, 'DESCUBIERTA', 'S/C', 'S/O', 78, '2020-03-17 00:00:00'),
(117, 117, 'DESCUBIERTA', 'S/C', 'S/O', 0, '2020-03-17 00:00:00'),
(119, 119, 'DESCUBIERTA', 'S/C', 'S/O', 0, '2020-03-17 00:00:00'),
(121, 121, 'DESCUBIERTA', 'S/C', 'S/O', 0, '2020-03-17 00:00:00'),
(123, 123, 'DESCUBIERTA', 'S/C', 'S/O', 0, '2020-03-17 00:00:00'),
(125, 125, 'DESCUBIERTA', 'S/C', 'S/O', 0, '2020-03-17 00:00:00'),
(201, 201, 'SEMICUBIERT', 'S/C', 'S/O', 0, '2020-03-17 00:00:00'),
(203, 203, 'SEMICUBIERT', 'S/C', 'S/O', 0, '2020-03-17 00:00:00'),
(205, 205, 'SEMICUBIERT', 'S/C', 'S/O', 0, '2020-03-17 00:00:00'),
(207, 207, 'SEMICUBIERT', 'S/C', 'S/O', 0, '2020-03-17 00:00:00'),
(209, 209, 'SEMICUBIERT', 'S/C', 'S/O', 0, '2020-03-17 00:00:00'),
(211, 211, 'SEMICUBIERT', 'S/C', 'S/O', 0, '2020-03-17 00:00:00'),
(213, 213, 'SEMICUBIERT', 'S/C', 'S/O', 0, '2020-03-17 00:00:00'),
(215, 215, 'SEMICUBIERT', 'S/C', 'S/O', 0, '2020-03-17 00:00:00'),
(217, 217, 'SEMICUBIERT', 'S/C', 'S/O', 0, '2020-03-17 00:00:00'),
(219, 219, 'SEMICUBIERT', 'S/C', 'S/O', 0, '2020-03-17 00:00:00'),
(221, 221, 'SEMICUBIERT', 'S/C', 'S/O', 0, '2020-03-17 00:00:00'),
(223, 223, 'SEMICUBIERT', 'S/C', 'S/O', 0, '2020-03-17 00:00:00'),
(225, 225, 'SEMICUBIERT', 'S/C', 'S/O', 0, '2020-03-17 00:00:00'),
(227, 227, 'SEMICUBIERT', 'S/C', 'S/O', 0, '2020-03-17 00:00:00'),
(229, 229, 'SEMICUBIERT', 'S/C', 'S/O', 0, '2020-03-17 00:00:00'),
(231, 231, 'SEMICUBIERT', 'S/C', 'S/O', 0, '2020-03-17 00:00:00'),
(237, 237, 'SEMICUBIERT', 'S/C', 'S/O', 0, '2020-03-17 00:00:00'),
(239, 239, 'SEMICUBIERT', 'S/C', 'S/O', 0, '2020-03-17 00:00:00'),
(241, 241, 'SEMICUBIERT', 'S/C', 'S/O', 0, '2020-03-17 00:00:00'),
(243, 243, 'SEMICUBIERT', 'S/C', 'S/O', 0, '2020-03-17 00:00:00'),
(245, 245, 'SEMICUBIERT', 'S/C', 'S/O', 0, '2020-03-17 00:00:00'),
(247, 247, 'SEMICUBIERT', 'S/C', 'S/O', 0, '2020-03-17 00:00:00'),
(249, 249, 'SEMICUBIERT', 'S/C', 'S/O', 0, '2020-03-17 00:00:00'),
(251, 251, 'SEMICUBIERT', 'S/C', 'S/O', 0, '2020-03-17 00:00:00'),
(253, 253, 'SEMICUBIERT', 'S/C', 'S/O', 0, '2020-03-17 00:00:00'),
(255, 255, 'SEMICUBIERT', 'S/C', 'S/O', 0, '2020-03-17 00:00:00'),
(257, 257, 'SEMICUBIERT', 'S/C', 'S/O', 0, '2020-03-17 00:00:00'),
(259, 259, 'SEMICUBIERT', 'S/C', 'S/O', 0, '2020-03-17 00:00:00'),
(261, 261, 'SEMICUBIERT', 'S/C', 'S/O', 0, '2020-03-17 00:00:00'),
(263, 263, 'SEMICUBIERT', 'S/C', 'S/O', 0, '2020-03-17 00:00:00'),
(265, 265, 'SEMICUBIERT', 'S/C', 'S/O', 0, '2020-03-17 00:00:00'),
(267, 267, 'SEMICUBIERT', 'S/C', 'S/O', 0, '2020-03-17 00:00:00'),
(303, 303, 'SEMICUBIERT', 'S/C', 'S/O', 0, '2020-03-17 00:00:00'),
(305, 305, 'SEMICUBIERT', 'S/C', 'S/O', 0, '2020-03-17 00:00:00'),
(307, 307, 'SEMICUBIERT', 'S/C', 'S/O', 0, '2020-03-17 00:00:00'),
(309, 309, 'SEMICUBIERT', 'S/C', 'S/O', 0, '2020-03-17 00:00:00'),
(311, 311, 'SEMICUBIERT', 'S/C', 'S/O', 0, '2020-03-17 00:00:00'),
(313, 313, 'SEMICUBIERT', 'S/C', 'S/O', 0, '2020-03-17 00:00:00'),
(315, 315, 'SEMICUBIERT', 'S/C', 'S/O', 0, '2020-03-17 00:00:00'),
(317, 317, 'SEMICUBIERT', 'S/C', 'S/O', 0, '2020-03-17 00:00:00'),
(319, 319, 'SEMICUBIERT', 'S/C', 'S/O', 0, '2020-03-17 00:00:00'),
(321, 321, 'SEMICUBIERT', 'S/C', 'S/O', 0, '2020-03-17 00:00:00'),
(323, 323, 'SEMICUBIERT', 'S/C', 'S/O', 0, '2020-03-17 00:00:00'),
(325, 325, 'SEMICUBIERT', 'S/C', 'S/O', 0, '2020-03-17 00:00:00'),
(327, 327, 'SEMICUBIERT', 'S/C', 'S/O', 0, '2020-03-17 00:00:00'),
(329, 329, 'SEMICUBIERT', 'S/C', 'S/O', 0, '2020-03-17 00:00:00'),
(331, 331, 'SEMICUBIERT', 'S/C', 'S/O', 0, '2020-03-17 00:00:00'),
(333, 333, 'SEMICUBIERT', 'S/C', 'S/O', 0, '2020-03-17 00:00:00'),
(337, 337, 'SEMICUBIERT', 'S/C', 'S/O', 0, '2020-03-17 00:00:00'),
(339, 339, 'SEMICUBIERT', 'S/C', 'S/O', 0, '2020-03-17 00:00:00'),
(341, 341, 'SEMICUBIERT', 'S/C', 'S/O', 0, '2020-03-17 00:00:00'),
(343, 343, 'SEMICUBIERT', 'S/C', 'S/O', 0, '2020-03-17 00:00:00'),
(345, 345, 'SEMICUBIERT', 'S/C', 'S/O', 0, '2020-03-17 00:00:00'),
(347, 347, 'SEMICUBIERT', 'S/C', 'S/O', 0, '2020-03-17 00:00:00'),
(349, 349, 'SEMICUBIERT', 'S/C', 'S/O', 0, '2020-03-17 00:00:00'),
(351, 351, 'SEMICUBIERT', 'S/C', 'S/O', 0, '2020-03-17 00:00:00'),
(353, 353, 'SEMICUBIERT', 'S/C', 'S/O', 0, '2020-03-17 00:00:00'),
(355, 355, 'SEMICUBIERT', 'S/C', 'S/O', 0, '2020-03-17 00:00:00'),
(357, 357, 'SEMICUBIERT', 'S/C', 'S/O', 0, '2020-03-17 00:00:00'),
(359, 359, 'SEMICUBIERT', 'S/C', 'S/O', 0, '2020-03-17 00:00:00'),
(361, 361, 'SEMICUBIERT', 'S/C', 'S/O', 0, '2020-03-17 00:00:00'),
(363, 363, 'SEMICUBIERT', 'S/C', 'S/O', 0, '2020-03-17 00:00:00'),
(365, 365, 'SEMICUBIERT', 'S/C', 'S/O', 0, '2020-03-17 00:00:00'),
(367, 367, 'SEMICUBIERT', 'S/C', 'S/O', 0, '2020-03-17 00:00:00'),
(403, 403, 'DESCUBIERTA', 'S/C', 'S/O', 0, '2020-03-17 00:00:00'),
(405, 405, 'DESCUBIERTA', 'S/C', 'S/O', 0, '2020-03-17 00:00:00'),
(407, 407, 'DESCUBIERTA', 'S/C', 'S/O', 0, '2020-03-17 00:00:00'),
(409, 409, 'DESCUBIERTA', 'S/C', 'S/O', 0, '2020-03-17 00:00:00'),
(411, 411, 'DESCUBIERTA', 'S/C', 'S/O', 0, '2020-03-17 00:00:00'),
(413, 413, 'DESCUBIERTA', 'S/C', 'S/O', 0, '2020-03-17 00:00:00'),
(415, 415, 'DESCUBIERTA', 'S/C', 'S/O', 0, '2020-03-17 00:00:00'),
(417, 417, 'DESCUBIERTA', 'S/C', 'S/O', 0, '2020-03-17 00:00:00'),
(419, 419, 'DESCUBIERTA', 'S/C', 'S/O', 0, '2020-03-17 00:00:00'),
(421, 421, 'DESCUBIERTA', 'S/C', 'S/O', 0, '2020-03-17 00:00:00'),
(423, 423, 'DESCUBIERTA', 'S/C', 'S/O', 0, '2020-03-17 00:00:00'),
(425, 425, 'DESCUBIERTA', 'S/C', 'S/O', 0, '2020-03-17 00:00:00'),
(427, 427, 'DESCUBIERTA', 'S/C', 'S/O', 0, '2020-03-17 00:00:00'),
(429, 429, 'DESCUBIERTA', 'S/C', 'S/O', 0, '2020-03-17 00:00:00'),
(431, 431, 'DESCUBIERTA', 'S/C', 'S/O', 0, '2020-03-17 00:00:00'),
(433, 433, 'DESCUBIERTA', 'S/C', 'S/O', 0, '2020-03-17 00:00:00'),
(437, 437, 'DESCUBIERTA', 'S/C', 'S/O', 0, '2020-03-17 00:00:00'),
(439, 439, 'DESCUBIERTA', 'S/C', 'S/O', 0, '2020-03-17 00:00:00'),
(441, 441, 'DESCUBIERTA', 'S/C', 'S/O', 0, '2020-03-17 00:00:00'),
(443, 443, 'DESCUBIERTA', 'S/C', 'S/O', 0, '2020-03-17 00:00:00'),
(445, 445, 'DESCUBIERTA', 'S/C', 'S/O', 0, '2020-03-17 00:00:00'),
(447, 447, 'DESCUBIERTA', 'S/C', 'S/O', 0, '2020-03-17 00:00:00'),
(449, 449, 'DESCUBIERTA', 'S/C', 'S/O', 0, '2020-03-17 00:00:00'),
(451, 451, 'DESCUBIERTA', 'S/C', 'S/O', 0, '2020-03-17 00:00:00'),
(1042, 1042, 'DESCUBIERTA', 'S/C', 'S/O', 0, '2020-03-17 00:00:00'),
(453, 453, 'DESCUBIERTA', 'S/C', 'S/O', 0, '2020-03-17 00:00:00'),
(455, 455, 'DESCUBIERTA', 'S/C', 'S/O', 0, '2020-03-17 00:00:00'),
(457, 457, 'DESCUBIERTA', 'S/C', 'S/O', 0, '2020-03-17 00:00:00'),
(459, 459, 'DESCUBIERTA', 'S/C', 'S/O', 0, '2020-03-17 00:00:00'),
(461, 461, 'DESCUBIERTA', 'S/C', 'S/O', 0, '2020-03-17 00:00:00'),
(463, 463, 'DESCUBIERTA', 'S/C', 'S/O', 0, '2020-03-17 00:00:00'),
(465, 465, 'DESCUBIERTA', 'S/C', 'S/O', 0, '2020-03-17 00:00:00'),
(467, 467, 'DESCUBIERTA', 'S/C', 'S/O', 0, '2020-03-17 00:00:00'),
(503, 503, 'DESCUBIERTA', 'S/C', 'S/O', 0, '2020-03-17 00:00:00'),
(505, 505, 'DESCUBIERTA', 'S/C', 'S/O', 0, '2020-03-17 00:00:00'),
(507, 507, 'DESCUBIERTA', 'S/C', 'S/O', 0, '2020-03-17 00:00:00'),
(509, 509, 'DESCUBIERTA', 'S/C', 'S/O', 0, '2020-03-17 00:00:00'),
(511, 511, 'DESCUBIERTA', 'S/C', 'S/O', 0, '2020-03-17 00:00:00'),
(513, 513, 'DESCUBIERTA', 'S/C', 'S/O', 0, '2020-03-17 00:00:00'),
(515, 515, 'DESCUBIERTA', 'S/C', 'S/O', 0, '2020-03-17 00:00:00'),
(517, 517, 'DESCUBIERTA', 'S/C', 'S/O', 0, '2020-03-17 00:00:00'),
(519, 519, 'DESCUBIERTA', 'S/C', 'S/O', 0, '2020-03-17 00:00:00'),
(521, 521, 'DESCUBIERTA', 'S/C', 'S/O', 0, '2020-03-17 00:00:00'),
(523, 523, 'DESCUBIERTA', 'S/C', 'S/O', 0, '2020-03-17 00:00:00'),
(525, 525, 'DESCUBIERTA', 'S/C', 'S/O', 0, '2020-03-17 00:00:00'),
(527, 527, 'DESCUBIERTA', 'S/C', 'S/O', 0, '2020-03-17 00:00:00'),
(529, 529, 'DESCUBIERTA', 'S/C', 'S/O', 0, '2020-03-17 00:00:00'),
(531, 531, 'DESCUBIERTA', 'S/C', 'S/O', 0, '2020-03-17 00:00:00'),
(533, 533, 'DESCUBIERTA', 'S/C', 'S/O', 0, '2020-03-17 00:00:00'),
(537, 537, 'DESCUBIERTA', 'S/C', 'S/O', 0, '2020-03-17 00:00:00'),
(539, 539, 'DESCUBIERTA', 'S/C', 'S/O', 0, '2020-03-17 00:00:00'),
(541, 541, 'DESCUBIERTA', 'S/C', 'S/O', 0, '2020-03-17 00:00:00'),
(543, 543, 'DESCUBIERTA', 'S/C', 'S/O', 0, '2020-03-17 00:00:00'),
(545, 545, 'DESCUBIERTA', 'S/C', 'S/O', 0, '2020-03-17 00:00:00'),
(547, 547, 'DESCUBIERTA', 'S/C', 'S/O', 0, '2020-03-17 00:00:00'),
(549, 549, 'DESCUBIERTA', 'S/C', 'S/O', 0, '2020-03-17 00:00:00'),
(551, 551, 'DESCUBIERTA', 'S/C', 'S/O', 0, '2020-03-17 00:00:00'),
(553, 553, 'DESCUBIERTA', 'S/C', 'S/O', 0, '2020-03-17 00:00:00'),
(555, 555, 'DESCUBIERTA', 'S/C', 'S/O', 0, '2020-03-17 00:00:00'),
(557, 557, 'DESCUBIERTA', 'S/C', 'S/O', 0, '2020-03-17 00:00:00'),
(559, 559, 'DESCUBIERTA', 'S/C', 'S/O', 0, '2020-03-17 00:00:00'),
(561, 561, 'DESCUBIERTA', 'S/C', 'S/O', 0, '2020-03-17 00:00:00'),
(563, 563, 'DESCUBIERTA', 'S/C', 'S/O', 0, '2020-03-17 00:00:00'),
(565, 565, 'DESCUBIERTA', 'S/C', 'S/O', 0, '2020-03-17 00:00:00'),
(567, 567, 'DESCUBIERTA', 'S/C', 'S/O', 0, '2020-03-17 00:00:00'),
(603, 603, 'SEMICUBIERT', 'S/C', 'S/O', 0, '2020-03-17 00:00:00'),
(605, 605, 'SEMICUBIERT', 'S/C', 'S/O', 0, '2020-03-17 00:00:00'),
(607, 607, 'SEMICUBIERT', 'S/C', 'S/O', 0, '2020-03-17 00:00:00'),
(609, 609, 'SEMICUBIERT', 'S/C', 'S/O', 0, '2020-03-17 00:00:00'),
(611, 611, 'SEMICUBIERT', 'S/C', 'S/O', 0, '2020-03-17 00:00:00'),
(613, 613, 'SEMICUBIERT', 'S/C', 'S/O', 0, '2020-03-17 00:00:00'),
(615, 615, 'DESCUBIERTA', 'S/C', 'S/O', 0, '2020-03-17 00:00:00'),
(617, 617, 'SEMICUBIERT', 'S/C', 'S/O', 0, '2020-03-17 00:00:00'),
(619, 619, 'SEMICUBIERT', 'S/C', 'S/O', 0, '2020-03-17 00:00:00'),
(621, 621, 'SEMICUBIERT', 'S/C', 'S/O', 0, '2020-03-17 00:00:00'),
(623, 623, 'SEMICUBIERT', 'S/C', 'S/O', 0, '2020-03-17 00:00:00'),
(625, 625, 'SEMICUBIERT', 'S/C', 'S/O', 0, '2020-03-17 00:00:00'),
(627, 627, 'SEMICUBIERT', 'S/C', 'S/O', 0, '2020-03-17 00:00:00'),
(629, 629, 'SEMICUBIERT', 'S/C', 'S/O', 0, '2020-03-17 00:00:00'),
(633, 633, 'DESCUBIERTA', 'S/C', 'S/O', 0, '2020-03-17 00:00:00'),
(637, 637, 'DESCUBIERTA', 'S/C', 'S/O', 0, '2020-03-17 00:00:00'),
(639, 639, 'DESCUBIERTA', 'S/C', 'S/O', 0, '2020-03-17 00:00:00'),
(641, 641, 'DESCUBIERTA', 'S/C', 'S/O', 0, '2020-03-17 00:00:00'),
(643, 643, 'DESCUBIERTA', 'S/C', 'S/O', 0, '2020-03-17 00:00:00'),
(645, 645, 'DESCUBIERTA', 'S/C', 'S/O', 0, '2020-03-17 00:00:00'),
(647, 647, 'DESCUBIERTA', 'S/C', 'S/O', 0, '2020-03-17 00:00:00'),
(649, 649, 'DESCUBIERTA', 'S/C', 'S/O', 0, '2020-03-17 00:00:00'),
(651, 651, 'DESCUBIERTA', 'S/C', 'S/O', 0, '2020-03-17 00:00:00'),
(653, 653, 'DESCUBIERTA', 'S/C', 'S/O', 0, '2020-03-17 00:00:00'),
(655, 655, 'DESCUBIERTA', 'S/C', 'S/O', 0, '2020-03-17 00:00:00'),
(657, 657, 'DESCUBIERTA', 'S/C', 'S/O', 0, '2020-03-17 00:00:00'),
(659, 659, 'DESCUBIERTA', 'S/C', 'S/O', 0, '2020-03-17 00:00:00'),
(661, 661, 'DESCUBIERTA', 'S/C', 'S/O', 0, '2020-03-17 00:00:00'),
(663, 663, 'DESCUBIERTA', 'S/C', 'S/O', 0, '2020-03-17 00:00:00'),
(665, 665, 'DESCUBIERTA', 'S/C', 'S/O', 0, '2020-03-17 00:00:00'),
(667, 667, 'DESCUBIERTA', 'S/C', 'S/O', 0, '2020-03-17 00:00:00'),
(899, 899, 'SEMICUBIERT', 'S/C', 'S/O', 0, '2020-03-17 00:00:00'),
(898, 898, 'SEMICUBIERT', 'S/C', 'S/O', 0, '2020-03-17 00:00:00'),
(897, 897, 'SEMICUBIERT', 'S/C', 'S/O', 0, '2020-03-17 00:00:00'),
(896, 896, 'SEMICUBIERT', 'S/C', 'S/O', 0, '2020-03-17 00:00:00'),
(895, 895, 'SEMICUBIERT', 'S/C', 'S/O', 0, '2020-03-17 00:00:00'),
(894, 894, 'SEMICUBIERT', 'S/C', 'S/O', 0, '2020-03-17 00:00:00'),
(893, 893, 'SEMICUBIERT', 'S/C', 'S/O', 0, '2020-03-17 00:00:00'),
(892, 892, 'SEMICUBIERT', 'S/C', 'S/O', 0, '2020-03-17 00:00:00'),
(891, 891, 'SEMICUBIERT', 'S/C', 'S/O', 0, '2020-03-17 00:00:00'),
(890, 890, 'SEMICUBIERT', 'S/C', 'S/O', 0, '2020-03-17 00:00:00'),
(889, 889, 'SEMICUBIERT', 'S/C', 'S/O', 0, '2020-03-17 00:00:00'),
(888, 888, 'SEMICUBIERT', 'S/C', 'S/O', 0, '2020-03-17 00:00:00'),
(887, 887, 'SEMICUBIERT', 'S/C', 'S/O', 0, '2020-03-17 00:00:00'),
(886, 886, 'SEMICUBIERT', 'S/C', 'S/O', 0, '2020-03-17 00:00:00'),
(885, 885, 'SEMICUBIERT', 'S/C', 'S/O', 0, '2020-03-17 00:00:00'),
(884, 884, 'SEMICUBIERT', 'S/C', 'S/O', 0, '2020-03-17 00:00:00'),
(901, 901, 'SEMICUBIERT', 'S/C', 'S/O', 0, '2020-03-17 00:00:00'),
(902, 902, 'SEMICUBIERT', 'S/C', 'S/O', 0, '2020-03-17 00:00:00'),
(903, 903, 'SEMICUBIERT', 'S/C', 'S/O', 0, '2020-03-17 00:00:00'),
(904, 904, 'SEMICUBIERT', 'S/C', 'S/O', 0, '2020-03-17 00:00:00'),
(905, 905, 'SEMICUBIERT', 'S/C', 'S/O', 0, '2020-03-17 00:00:00'),
(906, 906, 'SEMICUBIERT', 'S/C', 'S/O', 0, '2020-03-17 00:00:00'),
(907, 907, 'SEMICUBIERT', 'S/C', 'S/O', 0, '2020-03-17 00:00:00'),
(908, 908, 'SEMICUBIERT', 'S/C', 'S/O', 0, '2020-03-17 00:00:00'),
(909, 909, 'SEMICUBIERT', 'S/C', 'S/O', 0, '2020-03-17 00:00:00'),
(910, 910, 'SEMICUBIERT', 'S/C', 'S/O', 0, '2020-03-17 00:00:00'),
(911, 911, 'SEMICUBIERT', 'S/C', 'S/O', 0, '2020-03-17 00:00:00'),
(912, 912, 'SEMICUBIERT', 'S/C', 'S/O', 0, '2020-03-17 00:00:00'),
(913, 913, 'SEMICUBIERT', 'S/C', 'S/O', 0, '2020-03-17 00:00:00'),
(914, 914, 'SEMICUBIERT', 'S/C', 'S/O', 0, '2020-03-17 00:00:00'),
(929, 929, 'SEMICUBIERT', 'S/C', 'S/O', 0, '2020-03-17 00:00:00'),
(928, 928, 'SEMICUBIERT', 'S/C', 'S/O', 0, '2020-03-17 00:00:00'),
(927, 927, 'SEMICUBIERT', 'S/C', 'S/O', 0, '2020-03-17 00:00:00'),
(926, 926, 'SEMICUBIERT', 'S/C', 'S/O', 0, '2020-03-17 00:00:00'),
(925, 925, 'SEMICUBIERT', 'S/C', 'S/O', 0, '2020-03-17 00:00:00'),
(924, 924, 'SEMICUBIERT', 'S/C', 'S/O', 0, '2020-03-17 00:00:00'),
(923, 923, 'SEMICUBIERT', 'S/C', 'S/O', 0, '2020-03-17 00:00:00'),
(922, 922, 'SEMICUBIERT', 'S/C', 'S/O', 0, '2020-03-17 00:00:00'),
(921, 921, 'SEMICUBIERT', 'S/C', 'S/O', 0, '2020-03-17 00:00:00'),
(920, 920, 'SEMICUBIERT', 'S/C', 'S/O', 0, '2020-03-17 00:00:00'),
(919, 919, 'SEMICUBIERT', 'S/C', 'S/O', 0, '2020-03-17 00:00:00'),
(918, 918, 'SEMICUBIERT', 'S/C', 'S/O', 0, '2020-03-17 00:00:00'),
(917, 917, 'SEMICUBIERT', 'S/C', 'S/O', 0, '2020-03-17 00:00:00'),
(916, 916, 'SEMICUBIERT', 'S/C', 'S/O', 0, '2020-03-17 00:00:00'),
(930, 930, 'SEMICUBIERT', 'S/C', 'S/O', 0, '2020-03-17 00:00:00'),
(931, 931, 'SEMICUBIERT', 'S/C', 'S/O', 0, '2020-03-17 00:00:00'),
(932, 932, 'SEMICUBIERT', 'S/C', 'S/O', 0, '2020-03-17 00:00:00'),
(933, 933, 'SEMICUBIERT', 'S/C', 'S/O', 0, '2020-03-17 00:00:00'),
(934, 934, 'SEMICUBIERT', 'S/C', 'S/O', 0, '2020-03-17 00:00:00'),
(935, 935, 'SEMICUBIERT', 'S/C', 'S/O', 0, '2020-03-17 00:00:00'),
(936, 936, 'SEMICUBIERT', 'S/C', 'S/O', 0, '2020-03-17 00:00:00'),
(937, 937, 'SEMICUBIERT', 'S/C', 'S/O', 0, '2020-03-17 00:00:00'),
(938, 938, 'SEMICUBIERT', 'S/C', 'S/O', 0, '2020-03-17 00:00:00'),
(939, 939, 'SEMICUBIERT', 'S/C', 'S/O', 0, '2020-03-17 00:00:00'),
(940, 940, 'SEMICUBIERT', 'S/C', 'S/O', 0, '2020-03-17 00:00:00'),
(941, 941, 'SEMICUBIERT', 'S/C', 'S/O', 0, '2020-03-17 00:00:00'),
(942, 942, 'SEMICUBIERT', 'S/C', 'S/O', 0, '2020-03-17 00:00:00'),
(956, 956, 'SEMICUBIERT', 'S/C', 'S/O', 0, '2020-03-17 00:00:00'),
(955, 955, 'SEMICUBIERT', 'S/C', 'S/O', 0, '2020-03-17 00:00:00'),
(954, 954, 'SEMICUBIERT', 'S/C', 'S/O', 0, '2020-03-17 00:00:00'),
(953, 953, 'SEMICUBIERT', 'S/C', 'S/O', 0, '2020-03-17 00:00:00'),
(952, 952, 'SEMICUBIERT', 'S/C', 'S/O', 0, '2020-03-17 00:00:00'),
(951, 951, 'SEMICUBIERT', 'S/C', 'S/O', 0, '2020-03-17 00:00:00'),
(950, 950, 'SEMICUBIERT', 'S/C', 'S/O', 0, '2020-03-17 00:00:00'),
(949, 949, 'SEMICUBIERT', 'S/C', 'S/O', 0, '2020-03-17 00:00:00'),
(948, 948, 'SEMICUBIERT', 'S/C', 'S/O', 0, '2020-03-17 00:00:00'),
(947, 947, 'SEMICUBIERT', 'S/C', 'S/O', 0, '2020-03-17 00:00:00'),
(946, 946, 'SEMICUBIERT', 'S/C', 'S/O', 0, '2020-03-17 00:00:00'),
(945, 945, 'SEMICUBIERT', 'S/C', 'S/O', 0, '2020-03-17 00:00:00'),
(944, 944, 'SEMICUBIERT', 'S/C', 'S/O', 0, '2020-03-17 00:00:00'),
(943, 943, 'SEMICUBIERT', 'S/C', 'S/O', 0, '2020-03-17 00:00:00'),
(957, 957, 'SEMICUBIERT', 'S/C', 'S/O', 0, '2020-03-17 00:00:00'),
(768, 768, 'SEMICUBIERT', 'S/C', 'S/O', 0, '2020-03-17 00:00:00'),
(958, 958, 'SEMICUBIERT', 'S/C', 'S/O', 0, '2020-03-17 00:00:00'),
(959, 959, 'SEMICUBIERT', 'S/C', 'S/O', 0, '2020-03-17 00:00:00'),
(960, 960, 'SEMICUBIERT', 'S/C', 'S/O', 0, '2020-03-17 00:00:00'),
(961, 961, 'SEMICUBIERT', 'S/C', 'S/O', 0, '2020-03-17 00:00:00'),
(962, 962, 'SEMICUBIERT', 'S/C', 'S/O', 0, '2020-03-17 00:00:00'),
(963, 963, 'SEMICUBIERT', 'S/C', 'S/O', 0, '2020-03-17 00:00:00'),
(964, 964, 'SEMICUBIERT', 'S/C', 'S/O', 0, '2020-03-17 00:00:00'),
(965, 965, 'SEMICUBIERT', 'S/C', 'S/O', 0, '2020-03-17 00:00:00'),
(966, 966, 'SEMICUBIERT', 'S/C', 'S/O', 0, '2020-03-17 00:00:00'),
(967, 967, 'SEMICUBIERT', 'S/C', 'S/O', 0, '2020-03-17 00:00:00'),
(968, 968, 'SEMICUBIERT', 'S/C', 'S/O', 0, '2020-03-17 00:00:00'),
(969, 969, 'SEMICUBIERT', 'S/C', 'S/O', 0, '2020-03-17 00:00:00'),
(970, 970, 'SEMICUBIERT', 'S/C', 'S/O', 0, '2020-03-17 00:00:00'),
(985, 985, 'SEMICUBIERT', 'S/C', 'S/O', 0, '2020-03-17 00:00:00'),
(984, 984, 'SEMICUBIERT', 'S/C', 'S/O', 0, '2020-03-17 00:00:00'),
(983, 983, 'SEMICUBIERT', 'S/C', 'S/O', 0, '2020-03-17 00:00:00'),
(982, 982, 'SEMICUBIERT', 'S/C', 'S/O', 0, '2020-03-17 00:00:00'),
(981, 981, 'SEMICUBIERT', 'S/C', 'S/O', 0, '2020-03-17 00:00:00'),
(980, 980, 'SEMICUBIERT', 'S/C', 'S/O', 0, '2020-03-17 00:00:00'),
(979, 979, 'SEMICUBIERT', 'S/C', 'S/O', 0, '2020-03-17 00:00:00'),
(978, 978, 'SEMICUBIERT', 'S/C', 'S/O', 0, '2020-03-17 00:00:00'),
(977, 977, 'SEMICUBIERT', 'S/C', 'S/O', 0, '2020-03-17 00:00:00'),
(976, 976, 'SEMICUBIERT', 'S/C', 'S/O', 0, '2020-03-17 00:00:00'),
(975, 975, 'SEMICUBIERT', 'S/C', 'S/O', 0, '2020-03-17 00:00:00'),
(974, 974, 'SEMICUBIERT', 'S/C', 'S/O', 0, '2020-03-17 00:00:00'),
(973, 973, 'SEMICUBIERT', 'S/C', 'S/O', 0, '2020-03-17 00:00:00'),
(972, 972, 'SEMICUBIERT', 'S/C', 'S/O', 0, '2020-03-17 00:00:00'),
(985, 985, 'DESCUBIERTA', 'S/C', 'S/O', 0, '2020-03-17 00:00:00'),
(986, 986, 'DESCUBIERTA', 'S/C', 'S/O', 0, '2020-03-17 00:00:00'),
(987, 987, 'DESCUBIERTA', 'S/C', 'S/O', 0, '2020-03-17 00:00:00'),
(988, 988, 'DESCUBIERTA', 'S/C', 'S/O', 0, '2020-03-17 00:00:00'),
(989, 989, 'DESCUBIERTA', 'S/C', 'S/O', 0, '2020-03-17 00:00:00'),
(990, 990, 'DESCUBIERTA', 'S/C', 'S/O', 0, '2020-03-17 00:00:00'),
(991, 991, 'DESCUBIERTA', 'S/C', 'S/O', 0, '2020-03-17 00:00:00'),
(992, 992, 'DESCUBIERTA', 'S/C', 'S/O', 0, '2020-03-17 00:00:00'),
(993, 993, 'DESCUBIERTA', 'S/C', 'S/O', 0, '2020-03-17 00:00:00'),
(994, 994, 'DESCUBIERTA', 'S/C', 'S/O', 0, '2020-03-17 00:00:00'),
(995, 995, 'DESCUBIERTA', 'S/C', 'S/O', 0, '2020-03-17 00:00:00'),
(996, 996, 'DESCUBIERTA', 'S/C', 'S/O', 0, '2020-03-17 00:00:00'),
(997, 997, 'DESCUBIERTA', 'S/C', 'S/O', 0, '2020-03-17 00:00:00'),
(998, 998, 'DESCUBIERTA', 'S/C', 'S/O', 0, '2020-03-17 00:00:00'),
(1012, 1012, 'DESCUBIERTA', 'S/C', 'S/O', 0, '2020-03-17 00:00:00'),
(1011, 1011, 'DESCUBIERTA', 'S/C', 'S/O', 0, '2020-03-17 00:00:00'),
(1010, 1010, 'DESCUBIERTA', 'S/C', 'S/O', 0, '2020-03-17 00:00:00'),
(1009, 1009, 'DESCUBIERTA', 'S/C', 'S/O', 0, '2020-03-17 00:00:00'),
(1008, 1008, 'DESCUBIERTA', 'S/C', 'S/O', 0, '2020-03-17 00:00:00'),
(1007, 1007, 'DESCUBIERTA', 'S/C', 'S/O', 0, '2020-03-17 00:00:00'),
(1006, 1006, 'DESCUBIERTA', 'S/C', 'S/O', 0, '2020-03-17 00:00:00'),
(1005, 1005, 'DESCUBIERTA', 'S/C', 'S/O', 0, '2020-03-17 00:00:00'),
(1004, 1004, 'DESCUBIERTA', 'S/C', 'S/O', 0, '2020-03-17 00:00:00'),
(1003, 1003, 'DESCUBIERTA', 'S/C', 'S/O', 0, '2020-03-17 00:00:00'),
(1002, 1002, 'DESCUBIERTA', 'S/C', 'S/O', 0, '2020-03-17 00:00:00'),
(1001, 1001, 'DESCUBIERTA', 'S/C', 'S/O', 0, '2020-03-17 00:00:00'),
(1000, 1000, 'DESCUBIERTA', 'S/C', 'S/O', 0, '2020-03-17 00:00:00'),
(999, 999, 'DESCUBIERTA', 'S/C', 'S/O', 0, '2020-03-17 00:00:00'),
(1013, 1013, 'DESCUBIERTA', 'S/C', 'S/O', 0, '2020-03-17 00:00:00'),
(1014, 1014, 'DESCUBIERTA', 'S/C', 'S/O', 0, '2020-03-17 00:00:00'),
(1015, 1015, 'DESCUBIERTA', 'S/C', 'S/O', 0, '2020-03-17 00:00:00'),
(1016, 1016, 'DESCUBIERTA', 'S/C', 'S/O', 0, '2020-03-17 00:00:00'),
(1017, 1017, 'DESCUBIERTA', 'S/C', 'S/O', 0, '2020-03-17 00:00:00'),
(1018, 1018, 'DESCUBIERTA', 'S/C', 'S/O', 0, '2020-03-17 00:00:00'),
(1019, 1019, 'DESCUBIERTA', 'S/C', 'S/O', 0, '2020-03-17 00:00:00'),
(1020, 1020, 'DESCUBIERTA', 'S/C', 'S/O', 0, '2020-03-17 00:00:00'),
(1021, 1021, 'DESCUBIERTA', 'S/C', 'S/O', 0, '2020-03-17 00:00:00'),
(1022, 1022, 'DESCUBIERTA', 'S/C', 'S/O', 0, '2020-03-17 00:00:00'),
(1023, 1023, 'DESCUBIERTA', 'S/C', 'S/O', 0, '2020-03-17 00:00:00'),
(1024, 1024, 'DESCUBIERTA', 'S/C', 'S/O', 0, '2020-03-17 00:00:00'),
(1025, 1025, 'DESCUBIERTA', 'S/C', 'S/O', 0, '2020-03-17 00:00:00'),
(1026, 1026, 'DESCUBIERTA', 'S/C', 'S/O', 0, '2020-03-17 00:00:00'),
(1040, 1040, 'DESCUBIERTA', 'S/C', 'S/O', 0, '2020-03-17 00:00:00'),
(1039, 1039, 'DESCUBIERTA', 'S/C', 'S/O', 0, '2020-03-17 00:00:00'),
(1038, 1038, 'DESCUBIERTA', 'S/C', 'S/O', 0, '2020-03-17 00:00:00'),
(1037, 1037, 'DESCUBIERTA', 'S/C', 'S/O', 0, '2020-03-17 00:00:00'),
(1036, 1036, 'DESCUBIERTA', 'S/C', 'S/O', 0, '2020-03-17 00:00:00'),
(1035, 1035, 'DESCUBIERTA', 'S/C', 'S/O', 0, '2020-03-17 00:00:00'),
(1034, 1034, 'DESCUBIERTA', 'S/C', 'S/O', 0, '2020-03-17 00:00:00'),
(1033, 1033, 'DESCUBIERTA', 'S/C', 'S/O', 0, '2020-03-17 00:00:00'),
(1032, 1032, 'DESCUBIERTA', 'S/C', 'S/O', 0, '2020-03-17 00:00:00'),
(1031, 1031, 'DESCUBIERTA', 'S/C', 'S/O', 0, '2020-03-17 00:00:00'),
(1030, 1030, 'DESCUBIERTA', 'S/C', 'S/O', 0, '2020-03-17 00:00:00'),
(1029, 1029, 'DESCUBIERTA', 'S/C', 'S/O', 0, '2020-03-17 00:00:00'),
(1028, 1028, 'DESCUBIERTA', 'S/C', 'S/O', 0, '2020-03-17 00:00:00'),
(1027, 1027, 'DESCUBIERTA', 'S/C', 'S/O', 0, '2020-03-17 00:00:00'),
(883, 883, 'SEMICUBIERT', 'S/C', 'S/O', 0, '2020-03-17 00:00:00'),
(882, 882, 'SEMICUBIERT', 'S/C', 'S/O', 0, '2020-03-17 00:00:00'),
(881, 881, 'SEMICUBIERT', 'S/C', 'S/O', 0, '2020-03-17 00:00:00'),
(880, 880, 'SEMICUBIERT', 'S/C', 'S/O', 0, '2020-03-17 00:00:00'),
(879, 879, 'SEMICUBIERT', 'S/C', 'S/O', 0, '2020-03-17 00:00:00'),
(878, 878, 'SEMICUBIERT', 'S/C', 'S/O', 0, '2020-03-17 00:00:00'),
(877, 877, 'SEMICUBIERT', 'S/C', 'S/O', 0, '2020-03-17 00:00:00'),
(876, 876, 'SEMICUBIERT', 'S/C', 'S/O', 0, '2020-03-17 00:00:00'),
(875, 875, 'SEMICUBIERT', 'S/C', 'S/O', 0, '2020-03-17 00:00:00'),
(874, 874, 'SEMICUBIERT', 'S/C', 'S/O', 0, '2020-03-17 00:00:00'),
(873, 873, 'SEMICUBIERT', 'S/C', 'S/O', 0, '2020-03-17 00:00:00'),
(872, 872, 'SEMICUBIERT', 'S/C', 'S/O', 0, '2020-03-17 00:00:00'),
(871, 871, 'SEMICUBIERT', 'S/C', 'S/O', 0, '2020-03-17 00:00:00'),
(870, 870, 'SEMICUBIERT', 'S/C', 'S/O', 0, '2020-03-17 00:00:00'),
(869, 869, 'SEMICUBIERT', 'S/C', 'S/O', 0, '2020-03-17 00:00:00'),
(868, 868, 'SEMICUBIERT', 'S/C', 'S/O', 0, '2020-03-17 00:00:00'),
(866, 866, 'SEMICUBIERT', 'S/C', 'S/O', 0, '2020-03-17 00:00:00'),
(865, 865, 'SEMICUBIERT', 'S/C', 'S/O', 0, '2020-03-17 00:00:00'),
(864, 864, 'SEMICUBIERT', 'S/C', 'S/O', 0, '2020-03-17 00:00:00'),
(863, 863, 'SEMICUBIERT', 'S/C', 'S/O', 0, '2020-03-17 00:00:00'),
(862, 862, 'SEMICUBIERT', 'S/C', 'S/O', 0, '2020-03-17 00:00:00'),
(861, 861, 'SEMICUBIERT', 'S/C', 'S/O', 0, '2020-03-17 00:00:00'),
(860, 860, 'SEMICUBIERT', 'S/C', 'S/O', 0, '2020-03-17 00:00:00'),
(859, 859, 'SEMICUBIERT', 'S/C', 'S/O', 0, '2020-03-17 00:00:00'),
(858, 858, 'SEMICUBIERT', 'S/C', 'S/O', 0, '2020-03-17 00:00:00'),
(857, 857, 'SEMICUBIERT', 'S/C', 'S/O', 0, '2020-03-17 00:00:00'),
(856, 856, 'SEMICUBIERT', 'S/C', 'S/O', 0, '2020-03-17 00:00:00'),
(855, 855, 'SEMICUBIERT', 'S/C', 'S/O', 0, '2020-03-17 00:00:00'),
(854, 854, 'SEMICUBIERT', 'S/C', 'S/O', 0, '2020-03-17 00:00:00'),
(853, 853, 'SEMICUBIERT', 'S/C', 'S/O', 0, '2020-03-17 00:00:00'),
(838, 838, 'SEMICUBIERT', 'S/C', 'S/O', 0, '2020-03-17 00:00:00'),
(839, 839, 'SEMICUBIERT', 'S/C', 'S/O', 0, '2020-03-17 00:00:00'),
(840, 840, 'SEMICUBIERT', 'S/C', 'S/O', 0, '2020-03-17 00:00:00'),
(841, 841, 'SEMICUBIERT', 'S/C', 'S/O', 0, '2020-03-17 00:00:00'),
(842, 842, 'SEMICUBIERT', 'S/C', 'S/O', 0, '2020-03-17 00:00:00'),
(843, 843, 'SEMICUBIERT', 'S/C', 'S/O', 0, '2020-03-17 00:00:00'),
(844, 844, 'SEMICUBIERT', 'S/C', 'S/O', 0, '2020-03-17 00:00:00'),
(845, 845, 'SEMICUBIERT', 'S/C', 'S/O', 0, '2020-03-17 00:00:00'),
(846, 846, 'SEMICUBIERT', 'S/C', 'S/O', 0, '2020-03-17 00:00:00'),
(847, 847, 'SEMICUBIERT', 'S/C', 'S/O', 0, '2020-03-17 00:00:00'),
(848, 848, 'SEMICUBIERT', 'S/C', 'S/O', 0, '2020-03-17 00:00:00'),
(849, 849, 'SEMICUBIERT', 'S/C', 'S/O', 0, '2020-03-17 00:00:00'),
(850, 850, 'SEMICUBIERT', 'S/C', 'S/O', 0, '2020-03-17 00:00:00'),
(851, 851, 'SEMICUBIERT', 'S/C', 'S/O', 0, '2020-03-17 00:00:00'),
(837, 837, 'SEMICUBIERT', 'S/C', 'S/O', 0, '2020-03-17 00:00:00'),
(836, 836, 'SEMICUBIERT', 'S/C', 'S/O', 0, '2020-03-17 00:00:00'),
(835, 835, 'SEMICUBIERT', 'S/C', 'S/O', 0, '2020-03-17 00:00:00'),
(834, 834, 'SEMICUBIERT', 'S/C', 'S/O', 0, '2020-03-17 00:00:00'),
(833, 833, 'SEMICUBIERT', 'S/C', 'S/O', 0, '2020-03-17 00:00:00'),
(832, 832, 'SEMICUBIERT', 'S/C', 'S/O', 0, '2020-03-17 00:00:00'),
(831, 831, 'SEMICUBIERT', 'S/C', 'S/O', 0, '2020-03-17 00:00:00'),
(830, 830, 'SEMICUBIERT', 'S/C', 'S/O', 0, '2020-03-17 00:00:00'),
(829, 829, 'SEMICUBIERT', 'S/C', 'S/O', 0, '2020-03-17 00:00:00'),
(828, 828, 'SEMICUBIERT', 'S/C', 'S/O', 0, '2020-03-17 00:00:00'),
(827, 827, 'SEMICUBIERT', 'S/C', 'S/O', 0, '2020-03-17 00:00:00'),
(826, 826, 'SEMICUBIERT', 'S/C', 'S/O', 0, '2020-03-17 00:00:00'),
(825, 825, 'SEMICUBIERT', 'S/C', 'S/O', 0, '2020-03-17 00:00:00'),
(824, 824, 'SEMICUBIERT', 'S/C', 'S/O', 0, '2020-03-17 00:00:00'),
(811, 811, 'SEMICUBIERT', 'S/C', 'S/O', 0, '2020-03-17 00:00:00'),
(812, 812, 'SEMICUBIERT', 'S/C', 'S/O', 0, '2020-03-17 00:00:00'),
(823, 823, 'SEMICUBIERT', 'S/C', 'S/O', 0, '2020-03-17 00:00:00'),
(824, 824, 'SEMICUBIERT', 'S/C', 'S/O', 0, '2020-03-17 00:00:00'),
(809, 809, 'SEMICUBIERT', 'S/C', 'S/O', 0, '2020-03-17 00:00:00'),
(808, 808, 'SEMICUBIERT', 'S/C', 'S/O', 0, '2020-03-17 00:00:00'),
(807, 807, 'SEMICUBIERT', 'S/C', 'S/O', 0, '2020-03-17 00:00:00'),
(806, 806, 'SEMICUBIERT', 'S/C', 'S/O', 0, '2020-03-17 00:00:00'),
(805, 805, 'SEMICUBIERT', 'S/C', 'S/O', 0, '2020-03-17 00:00:00'),
(803, 803, 'SEMICUBIERT', 'S/C', 'S/O', 0, '2020-03-17 00:00:00'),
(802, 802, 'SEMICUBIERT', 'S/C', 'S/O', 0, '2020-03-17 00:00:00'),
(801, 801, 'SEMICUBIERT', 'S/C', 'S/O', 0, '2020-03-17 00:00:00'),
(800, 800, 'SEMICUBIERT', 'S/C', 'S/O', 0, '2020-03-17 00:00:00'),
(799, 799, 'SEMICUBIERT', 'S/C', 'S/O', 0, '2020-03-17 00:00:00'),
(798, 798, 'SEMICUBIERT', 'S/C', 'S/O', 0, '2020-03-17 00:00:00'),
(797, 797, 'SEMICUBIERT', 'S/C', 'S/O', 0, '2020-03-17 00:00:00'),
(796, 796, 'SEMICUBIERT', 'S/C', 'S/O', 0, '2020-03-17 00:00:00'),
(781, 781, 'SEMICUBIERT', 'S/C', 'S/O', 0, '2020-03-17 00:00:00'),
(782, 782, 'SEMICUBIERT', 'S/C', 'S/O', 0, '2020-03-17 00:00:00'),
(783, 783, 'SEMICUBIERT', 'S/C', 'S/O', 0, '2020-03-17 00:00:00'),
(784, 784, 'SEMICUBIERT', 'S/C', 'S/O', 0, '2020-03-17 00:00:00'),
(785, 785, 'SEMICUBIERT', 'S/C', 'S/O', 0, '2020-03-17 00:00:00'),
(786, 786, 'SEMICUBIERT', 'S/C', 'S/O', 0, '2020-03-17 00:00:00'),
(787, 787, 'SEMICUBIERT', 'S/C', 'S/O', 0, '2020-03-17 00:00:00'),
(788, 788, 'SEMICUBIERT', 'S/C', 'S/O', 0, '2020-03-17 00:00:00'),
(789, 789, 'SEMICUBIERT', 'S/C', 'S/O', 0, '2020-03-17 00:00:00'),
(790, 790, 'SEMICUBIERT', 'S/C', 'S/O', 0, '2020-03-17 00:00:00'),
(791, 791, 'SEMICUBIERT', 'S/C', 'S/O', 0, '2020-03-17 00:00:00'),
(792, 792, 'SEMICUBIERT', 'S/C', 'S/O', 0, '2020-03-17 00:00:00'),
(793, 793, 'SEMICUBIERT', 'S/C', 'S/O', 0, '2020-03-17 00:00:00'),
(794, 794, 'SEMICUBIERT', 'S/C', 'S/O', 0, '2020-03-17 00:00:00'),
(780, 780, 'SEMICUBIERT', 'S/C', 'S/O', 0, '2020-03-17 00:00:00'),
(779, 779, 'SEMICUBIERT', 'S/C', 'S/O', 0, '2020-03-17 00:00:00'),
(778, 778, 'SEMICUBIERT', 'S/C', 'S/O', 0, '2020-03-17 00:00:00'),
(777, 777, 'SEMICUBIERT', 'S/C', 'S/O', 0, '2020-03-17 00:00:00'),
(776, 776, 'SEMICUBIERT', 'S/C', 'S/O', 0, '2020-03-17 00:00:00'),
(775, 775, 'SEMICUBIERT', 'S/C', 'S/O', 0, '2020-03-17 00:00:00'),
(774, 774, 'SEMICUBIERT', 'S/C', 'S/O', 0, '2020-03-17 00:00:00'),
(773, 773, 'SEMICUBIERT', 'S/C', 'S/O', 0, '2020-03-17 00:00:00'),
(772, 772, 'SEMICUBIERT', 'S/C', 'S/O', 0, '2020-03-17 00:00:00'),
(771, 771, 'SEMICUBIERT', 'S/C', 'S/O', 0, '2020-03-17 00:00:00'),
(770, 770, 'SEMICUBIERT', 'S/C', 'S/O', 0, '2020-03-17 00:00:00'),
(769, 769, 'DESCUBIERTA', 'S/C', 'S/O', 0, '2020-03-17 00:00:00'),
(755, 755, 'SEMICUBIERT', 'S/C', 'S/O', 0, '2020-03-17 00:00:00'),
(756, 756, 'SEMICUBIERT', 'S/C', 'S/O', 0, '2020-03-17 00:00:00'),
(757, 757, 'SEMICUBIERT', 'S/C', 'S/O', 0, '2020-03-17 00:00:00'),
(758, 758, 'SEMICUBIERT', 'S/C', 'S/O', 0, '2020-03-17 00:00:00'),
(759, 759, 'SEMICUBIERT', 'S/C', 'S/O', 0, '2020-03-17 00:00:00'),
(760, 760, 'SEMICUBIERT', 'S/C', 'S/O', 0, '2020-03-17 00:00:00'),
(761, 761, 'SEMICUBIERT', 'S/C', 'S/O', 0, '2020-03-17 00:00:00'),
(762, 762, 'SEMICUBIERT', 'S/C', 'S/O', 0, '2020-03-17 00:00:00'),
(763, 763, 'SEMICUBIERT', 'S/C', 'S/O', 0, '2020-03-17 00:00:00'),
(764, 764, 'SEMICUBIERT', 'S/C', 'S/O', 0, '2020-03-17 00:00:00'),
(765, 765, 'SEMICUBIERT', 'S/C', 'S/O', 0, '2020-03-17 00:00:00'),
(766, 766, 'SEMICUBIERT', 'S/C', 'S/O', 0, '2020-03-17 00:00:00'),
(754, 754, 'DESCUBIERTA', 'S/C', 'S/O', 0, '2020-03-17 00:00:00'),
(753, 753, 'DESCUBIERTA', 'S/C', 'S/O', 0, '2020-03-17 00:00:00'),
(752, 752, 'DESCUBIERTA', 'S/C', 'S/O', 0, '2020-03-17 00:00:00'),
(751, 751, 'DESCUBIERTA', 'S/C', 'S/O', 0, '2020-03-17 00:00:00'),
(750, 750, 'DESCUBIERTA', 'S/C', 'S/O', 0, '2020-03-17 00:00:00'),
(749, 749, 'DESCUBIERTA', 'S/C', 'S/O', 0, '2020-03-17 00:00:00'),
(748, 748, 'DESCUBIERTA', 'S/C', 'S/O', 0, '2020-03-17 00:00:00'),
(747, 747, 'DESCUBIERTA', 'S/C', 'S/O', 0, '2020-03-17 00:00:00'),
(746, 746, 'DESCUBIERTA', 'S/C', 'S/O', 0, '2020-03-17 00:00:00'),
(745, 745, 'DESCUBIERTA', 'S/C', 'S/O', 0, '2020-03-17 00:00:00'),
(744, 744, 'DESCUBIERTA', 'S/C', 'S/O', 0, '2020-03-17 00:00:00'),
(743, 743, 'DESCUBIERTA', 'S/C', 'S/O', 0, '2020-03-17 00:00:00'),
(742, 742, 'DESCUBIERTA', 'S/C', 'S/O', 0, '2020-03-17 00:00:00'),
(741, 741, 'DESCUBIERTA', 'S/C', 'S/O', 0, '2020-03-17 00:00:00'),
(727, 727, 'DESCUBIERTA', 'S/C', 'S/O', 0, '2020-03-17 00:00:00'),
(728, 728, 'DESCUBIERTA', 'S/C', 'S/O', 0, '2020-03-17 00:00:00'),
(729, 729, 'DESCUBIERTA', 'S/C', 'S/O', 0, '2020-03-17 00:00:00'),
(730, 730, 'DESCUBIERTA', 'S/C', 'S/O', 0, '2020-03-17 00:00:00'),
(731, 731, 'DESCUBIERTA', 'S/C', 'S/O', 0, '2020-03-17 00:00:00'),
(732, 732, 'DESCUBIERTA', 'S/C', 'S/O', 0, '2020-03-17 00:00:00'),
(733, 733, 'DESCUBIERTA', 'S/C', 'S/O', 0, '2020-03-17 00:00:00'),
(734, 734, 'DESCUBIERTA', 'S/C', 'S/O', 0, '2020-03-17 00:00:00'),
(735, 735, 'DESCUBIERTA', 'S/C', 'S/O', 0, '2020-03-17 00:00:00'),
(736, 736, 'DESCUBIERTA', 'S/C', 'S/O', 0, '2020-03-17 00:00:00'),
(737, 737, 'DESCUBIERTA', 'S/C', 'S/O', 0, '2020-03-17 00:00:00'),
(738, 738, 'DESCUBIERTA', 'S/C', 'S/O', 0, '2020-03-17 00:00:00'),
(739, 739, 'DESCUBIERTA', 'S/C', 'S/O', 0, '2020-03-17 00:00:00'),
(740, 740, 'DESCUBIERTA', 'S/C', 'S/O', 0, '2020-03-17 00:00:00'),
(929, 929, 'SEMICUBIERT', 'S/C', 'S/O', 0, '2020-03-17 00:00:00'),
(768, 768, 'SEMICUBIERT', 'S/C', 'S/O', 0, '2020-03-17 00:00:00'),
(767, 767, 'SEMICUBIERT', 'S/C', 'S/O', 0, '2020-03-17 00:00:00'),
(767, 767, 'SEMICUBIERT', 'S/C', 'S/O', 0, '2020-03-17 00:00:00'),
(804, 804, 'SEMICUBIERT', 'S/C', 'S/O', 0, '2020-03-17 00:00:00'),
(813, 813, 'SEMICUBIERT', 'S/C', 'S/O', 0, '2020-03-17 00:00:00'),
(814, 814, 'SEMICUBIERT', 'S/C', 'S/O', 0, '2020-03-17 00:00:00'),
(815, 815, 'SEMICUBIERT', 'S/C', 'S/O', 0, '2020-03-17 00:00:00'),
(816, 816, 'SEMICUBIERT', 'S/C', 'S/O', 0, '2020-03-17 00:00:00'),
(817, 817, 'SEMICUBIERT', 'S/C', 'S/O', 0, '2020-03-17 00:00:00'),
(818, 818, 'SEMICUBIERT', 'S/C', 'S/O', 0, '2020-03-17 00:00:00'),
(819, 819, 'SEMICUBIERT', 'S/C', 'S/O', 0, '2020-03-17 00:00:00'),
(820, 820, 'SEMICUBIERT', 'S/C', 'S/O', 0, '2020-03-17 00:00:00'),
(821, 821, 'SEMICUBIERT', 'S/C', 'S/O', 0, '2020-03-17 00:00:00'),
(822, 822, 'SEMICUBIERT', 'S/C', 'S/O', 0, '2020-03-17 00:00:00'),
(631, 631, 'DESCUBIERTA', 'S/C', 'S/O', 0, '2020-03-17 00:00:00'),
(601, 601, 'SEMICUBIERT', 'S/C', 'S/O', 0, '2020-03-17 00:00:00'),
(602, 602, 'SEMICUBIERT', 'S/C', 'S/O', 0, '2020-03-17 00:00:00'),
(1237, 1237, 'DESCUBIERTA', 'S/C', 'S/O', 0, '2020-03-17 00:00:00'),
(1238, 1238, 'DESCUBIERTA', 'S/C', 'S/O', 0, '2020-03-17 00:00:00'),
(1239, 1239, 'DESCUBIERTA', 'S/C', 'S/O', 0, '2020-03-17 00:00:00'),
(1240, 1240, 'DESCUBIERTA', 'S/C', 'S/O', 0, '2020-03-17 00:00:00'),
(1241, 1241, 'DESCUBIERTA', 'S/C', 'S/O', 0, '2020-03-17 00:00:00'),
(1242, 1242, 'DESCUBIERTA', 'S/C', 'S/O', 0, '2020-03-17 00:00:00'),
(1243, 1243, 'DESCUBIERTA', 'S/C', 'S/O', 0, '2020-03-17 00:00:00'),
(1244, 1244, 'DESCUBIERTA', 'S/C', 'S/O', 0, '2020-03-17 00:00:00'),
(1245, 1245, 'DESCUBIERTA', 'S/C', 'S/O', 0, '2020-03-17 00:00:00'),
(1246, 1246, 'DESCUBIERTA', 'S/C', 'S/O', 0, '2020-03-17 00:00:00'),
(1247, 1247, 'DESCUBIERTA', 'S/C', 'S/O', 0, '2020-03-17 00:00:00'),
(1248, 1248, 'DESCUBIERTA', 'S/C', 'S/O', 0, '2020-03-17 00:00:00'),
(1249, 1249, 'DESCUBIERTA', 'S/C', 'S/O', 0, '2020-03-17 00:00:00'),
(1250, 1250, 'DESCUBIERTA', 'S/C', 'S/O', 0, '2020-03-17 00:00:00'),
(1264, 1264, 'DESCUBIERTA', 'S/C', 'S/O', 0, '2020-03-17 00:00:00'),
(1263, 1263, 'DESCUBIERTA', 'S/C', 'S/O', 0, '2020-03-17 00:00:00'),
(1262, 1262, 'DESCUBIERTA', 'S/C', 'S/O', 0, '2020-03-17 00:00:00'),
(1261, 1261, 'DESCUBIERTA', 'S/C', 'S/O', 0, '2020-03-17 00:00:00'),
(1260, 1260, 'DESCUBIERTA', 'S/C', 'S/O', 0, '2020-03-17 00:00:00'),
(1259, 1259, 'DESCUBIERTA', 'S/C', 'S/O', 0, '2020-03-17 00:00:00'),
(1258, 1258, 'DESCUBIERTA', 'S/C', 'S/O', 0, '2020-03-17 00:00:00'),
(1257, 1257, 'DESCUBIERTA', 'S/C', 'S/O', 0, '2020-03-17 00:00:00'),
(1256, 1256, 'DESCUBIERTA', 'S/C', 'S/O', 0, '2020-03-17 00:00:00'),
(1255, 1255, 'DESCUBIERTA', 'S/C', 'S/O', 0, '2020-03-17 00:00:00'),
(1254, 1254, 'DESCUBIERTA', 'S/C', 'S/O', 0, '2020-03-17 00:00:00'),
(1253, 1253, 'DESCUBIERTA', 'S/C', 'S/O', 0, '2020-03-17 00:00:00'),
(1252, 1252, 'DESCUBIERTA', 'S/C', 'S/O', 0, '2020-03-17 00:00:00'),
(1251, 1251, 'DESCUBIERTA', 'S/C', 'S/O', 0, '2020-03-17 00:00:00'),
(1265, 1265, 'DESCUBIERTA', 'S/C', 'S/O', 0, '2020-03-17 00:00:00'),
(1266, 1266, 'DESCUBIERTA', 'S/C', 'S/O', 0, '2020-03-17 00:00:00'),
(1267, 1267, 'DESCUBIERTA', 'S/C', 'S/O', 0, '2020-03-17 00:00:00'),
(1268, 1268, 'DESCUBIERTA', 'S/C', 'S/O', 0, '2020-03-17 00:00:00'),
(1269, 1269, 'DESCUBIERTA', 'S/C', 'S/O', 0, '2020-03-17 00:00:00'),
(1270, 1270, 'DESCUBIERTA', 'S/C', 'S/O', 0, '2020-03-17 00:00:00'),
(1271, 1271, 'DESCUBIERTA', 'S/C', 'S/O', 0, '2020-03-17 00:00:00'),
(1272, 1272, 'DESCUBIERTA', 'S/C', 'S/O', 0, '2020-03-17 00:00:00'),
(1273, 1273, 'DESCUBIERTA', 'S/C', 'S/O', 0, '2020-03-17 00:00:00'),
(1274, 1274, 'DESCUBIERTA', 'S/C', 'S/O', 0, '2020-03-17 00:00:00'),
(1275, 1275, 'DESCUBIERTA', 'S/C', 'S/O', 0, '2020-03-17 00:00:00'),
(1276, 1276, 'DESCUBIERTA', 'S/C', 'S/O', 0, '2020-03-17 00:00:00'),
(1277, 1277, 'DESCUBIERTA', 'S/C', 'S/O', 0, '2020-03-17 00:00:00'),
(1278, 1278, 'DESCUBIERTA', 'S/C', 'S/O', 0, '2020-03-17 00:00:00'),
(1292, 1292, 'DESCUBIERTA', 'S/C', 'S/O', 0, '2020-03-17 00:00:00'),
(1291, 1291, 'DESCUBIERTA', 'S/C', 'S/O', 0, '2020-03-17 00:00:00'),
(1290, 1290, 'DESCUBIERTA', 'S/C', 'S/O', 0, '2020-03-17 00:00:00'),
(1289, 1289, 'DESCUBIERTA', 'S/C', 'S/O', 0, '2020-03-17 00:00:00'),
(1288, 1288, 'DESCUBIERTA', 'S/C', 'S/O', 0, '2020-03-17 00:00:00'),
(1287, 1287, 'DESCUBIERTA', 'S/C', 'S/O', 0, '2020-03-17 00:00:00'),
(1286, 1286, 'DESCUBIERTA', 'S/C', 'S/O', 0, '2020-03-17 00:00:00'),
(1285, 1285, 'DESCUBIERTA', 'S/C', 'S/O', 0, '2020-03-17 00:00:00'),
(1284, 1284, 'DESCUBIERTA', 'S/C', 'S/O', 0, '2020-03-17 00:00:00'),
(1283, 1283, 'DESCUBIERTA', 'S/C', 'S/O', 0, '2020-03-17 00:00:00'),
(1282, 1282, 'DESCUBIERTA', 'S/C', 'S/O', 0, '2020-03-17 00:00:00'),
(1281, 1281, 'DESCUBIERTA', 'S/C', 'S/O', 0, '2020-03-17 00:00:00'),
(1280, 1280, 'DESCUBIERTA', 'S/C', 'S/O', 0, '2020-03-17 00:00:00'),
(1279, 1279, 'DESCUBIERTA', 'S/C', 'S/O', 0, '2020-03-17 00:00:00'),
(726, 726, 'DESCUBIERTA', 'S/C', 'S/O', 0, '2020-03-17 00:00:00'),
(725, 725, 'DESCUBIERTA', 'S/C', 'S/O', 0, '2020-03-17 00:00:00'),
(724, 724, 'DESCUBIERTA', 'S/C', 'S/O', 0, '2020-03-17 00:00:00'),
(723, 723, 'DESCUBIERTA', 'S/C', 'S/O', 0, '2020-03-17 00:00:00'),
(722, 722, 'DESCUBIERTA', 'S/C', 'S/O', 0, '2020-03-17 00:00:00'),
(721, 721, 'DESCUBIERTA', 'S/C', 'S/O', 0, '2020-03-17 00:00:00'),
(720, 720, 'DESCUBIERTA', 'S/C', 'S/O', 0, '2020-03-17 00:00:00'),
(719, 719, 'DESCUBIERTA', 'S/C', 'S/O', 0, '2020-03-17 00:00:00'),
(718, 718, 'DESCUBIERTA', 'S/C', 'S/O', 0, '2020-03-17 00:00:00'),
(717, 717, 'DESCUBIERTA', 'S/C', 'S/O', 0, '2020-03-17 00:00:00'),
(716, 716, 'DESCUBIERTA', 'S/C', 'S/O', 0, '2020-03-17 00:00:00'),
(715, 715, 'DESCUBIERTA', 'S/C', 'S/O', 0, '2020-03-17 00:00:00'),
(714, 714, 'DESCUBIERTA', 'S/C', 'S/O', 0, '2020-03-17 00:00:00'),
(713, 713, 'DESCUBIERTA', 'S/C', 'S/O', 0, '2020-03-17 00:00:00'),
(712, 712, 'DESCUBIERTA', 'S/C', 'S/O', 0, '2020-03-17 00:00:00'),
(1293, 1293, 'DESCUBIERTA', 'S/C', 'S/O', 0, '2020-03-17 00:00:00'),
(1294, 1294, 'DESCUBIERTA', 'S/C', 'S/O', 0, '2020-03-17 00:00:00'),
(1295, 1295, 'DESCUBIERTA', 'S/C', 'S/O', 0, '2020-03-17 00:00:00'),
(1296, 1296, 'DESCUBIERTA', 'S/C', 'S/O', 0, '2020-03-17 00:00:00'),
(1297, 1297, 'DESCUBIERTA', 'S/C', 'S/O', 0, '2020-03-17 00:00:00'),
(1298, 1298, 'DESCUBIERTA', 'S/C', 'S/O', 0, '2020-03-17 00:00:00'),
(1299, 1299, 'DESCUBIERTA', 'S/C', 'S/O', 0, '2020-03-17 00:00:00'),
(1300, 1300, 'DESCUBIERTA', 'S/C', 'S/O', 0, '2020-03-17 00:00:00'),
(1301, 1301, 'DESCUBIERTA', 'S/C', 'S/O', 0, '2020-03-17 00:00:00'),
(1302, 1302, 'DESCUBIERTA', 'S/C', 'S/O', 0, '2020-03-17 00:00:00'),
(1303, 1303, 'DESCUBIERTA', 'S/C', 'S/O', 0, '2020-03-17 00:00:00'),
(1304, 1304, 'DESCUBIERTA', 'S/C', 'S/O', 0, '2020-03-17 00:00:00'),
(1305, 1305, 'DESCUBIERTA', 'S/C', 'S/O', 0, '2020-03-17 00:00:00'),
(1306, 1306, 'DESCUBIERTA', 'S/C', 'S/O', 0, '2020-03-17 00:00:00'),
(1320, 1320, 'DESCUBIERTA', 'S/C', 'S/O', 0, '2020-03-17 00:00:00'),
(1319, 1319, 'DESCUBIERTA', 'S/C', 'S/O', 0, '2020-03-17 00:00:00'),
(1318, 1318, 'DESCUBIERTA', 'S/C', 'S/O', 0, '2020-03-17 00:00:00'),
(1317, 1317, 'DESCUBIERTA', 'S/C', 'S/O', 0, '2020-03-17 00:00:00'),
(1316, 1316, 'DESCUBIERTA', 'S/C', 'S/O', 0, '2020-03-17 00:00:00'),
(1315, 1315, 'DESCUBIERTA', 'S/C', 'S/O', 0, '2020-03-17 00:00:00'),
(1314, 1314, 'DESCUBIERTA', 'S/C', 'S/O', 0, '2020-03-17 00:00:00');
INSERT INTO `cocheras` (`id_cocheras`, `numero_cochera`, `cochera_tipo`, `tipo_contrato`, `observaciones`, `id_cliente`, `date_added`) VALUES
(1313, 1313, 'DESCUBIERTA', 'S/C', 'S/O', 0, '2020-03-17 00:00:00'),
(1312, 1312, 'DESCUBIERTA', 'S/C', 'S/O', 0, '2020-03-17 00:00:00'),
(1311, 1311, 'DESCUBIERTA', 'S/C', 'S/O', 0, '2020-03-17 00:00:00'),
(1310, 1310, 'DESCUBIERTA', 'S/C', 'S/O', 0, '2020-03-17 00:00:00'),
(1309, 1309, 'DESCUBIERTA', 'S/C', 'S/O', 0, '2020-03-17 00:00:00'),
(1308, 1308, 'DESCUBIERTA', 'S/C', 'S/O', 0, '2020-03-17 00:00:00'),
(1307, 1307, 'DESCUBIERTA', 'S/C', 'S/O', 0, '2020-03-17 00:00:00'),
(1321, 1321, 'DESCUBIERTA', 'S/C', 'S/O', 0, '2020-03-17 00:00:00'),
(1322, 1322, 'DESCUBIERTA', 'S/C', 'S/O', 0, '2020-03-17 00:00:00'),
(1323, 1323, 'DESCUBIERTA', 'S/C', 'S/O', 0, '2020-03-17 00:00:00'),
(1324, 1324, 'DESCUBIERTA', 'S/C', 'S/O', 0, '2020-03-17 00:00:00'),
(1325, 1325, 'DESCUBIERTA', 'S/C', 'S/O', 0, '2020-03-17 00:00:00'),
(1326, 1326, 'DESCUBIERTA', 'S/C', 'S/O', 0, '2020-03-17 00:00:00'),
(1327, 1327, 'DESCUBIERTA', 'S/C', 'S/O', 0, '2020-03-17 00:00:00'),
(1328, 1328, 'DESCUBIERTA', 'S/C', 'S/O', 0, '2020-03-17 00:00:00'),
(1329, 1329, 'DESCUBIERTA', 'S/C', 'S/O', 0, '2020-03-17 00:00:00'),
(1330, 1330, 'DESCUBIERTA', 'S/C', 'S/O', 0, '2020-03-17 00:00:00'),
(1331, 1331, 'DESCUBIERTA', 'S/C', 'S/O', 0, '2020-03-17 00:00:00'),
(1332, 1332, 'DESCUBIERTA', 'S/C', 'S/O', 0, '2020-03-17 00:00:00'),
(1333, 1333, 'DESCUBIERTA', 'S/C', 'S/O', 0, '2020-03-17 00:00:00'),
(1334, 1334, 'DESCUBIERTA', 'S/C', 'S/O', 0, '2020-03-17 00:00:00'),
(1348, 1348, 'DESCUBIERTA', 'S/C', 'S/O', 0, '2020-03-17 00:00:00'),
(1347, 1347, 'DESCUBIERTA', 'S/C', 'S/O', 0, '2020-03-17 00:00:00'),
(1346, 1346, 'DESCUBIERTA', 'S/C', 'S/O', 0, '2020-03-17 00:00:00'),
(1345, 1345, 'DESCUBIERTA', 'S/C', 'S/O', 0, '2020-03-17 00:00:00'),
(1344, 1344, 'DESCUBIERTA', 'S/C', 'S/O', 0, '2020-03-17 00:00:00'),
(1343, 1343, 'DESCUBIERTA', 'S/C', 'S/O', 0, '2020-03-17 00:00:00'),
(1342, 1342, 'DESCUBIERTA', 'S/C', 'S/O', 0, '2020-03-17 00:00:00'),
(1341, 1341, 'DESCUBIERTA', 'S/C', 'S/O', 0, '2020-03-17 00:00:00'),
(1340, 1340, 'DESCUBIERTA', 'S/C', 'S/O', 0, '2020-03-17 00:00:00'),
(1339, 1339, 'DESCUBIERTA', 'S/C', 'S/O', 0, '2020-03-17 00:00:00'),
(1338, 1338, 'DESCUBIERTA', 'S/C', 'S/O', 0, '2020-03-17 00:00:00'),
(1337, 1337, 'DESCUBIERTA', 'S/C', 'S/O', 0, '2020-03-17 00:00:00'),
(1336, 1336, 'DESCUBIERTA', 'S/C', 'S/O', 0, '2020-03-17 00:00:00'),
(1335, 1335, 'DESCUBIERTA', 'S/C', 'S/O', 0, '2020-03-17 00:00:00'),
(769, 769, 'SEMICUBIERT', 'S/C', 'S/O', 0, '2020-03-17 00:00:00'),
(700, 700, 'DESCUBIERTA', 'S/C', 'S/O', 0, '2020-03-17 00:00:00'),
(701, 701, 'DESCUBIERTA', 'S/C', 'S/O', 0, '2020-03-17 00:00:00'),
(702, 702, 'DESCUBIERTA', 'S/C', 'S/O', 0, '2020-03-17 00:00:00'),
(703, 703, 'DESCUBIERTA', 'S/C', 'S/O', 0, '2020-03-17 00:00:00'),
(704, 704, 'DESCUBIERTA', 'S/C', 'S/O', 0, '2020-03-17 00:00:00'),
(705, 705, 'DESCUBIERTA', 'S/C', 'S/O', 0, '2020-03-17 00:00:00'),
(706, 706, 'DESCUBIERTA', 'S/C', 'S/O', 0, '2020-03-17 00:00:00'),
(707, 707, 'DESCUBIERTA', 'S/C', 'S/O', 0, '2020-03-17 00:00:00'),
(708, 708, 'DESCUBIERTA', 'S/C', 'S/O', 0, '2020-03-17 00:00:00'),
(709, 709, 'DESCUBIERTA', 'S/C', 'S/O', 0, '2020-03-17 00:00:00'),
(710, 710, 'DESCUBIERTA', 'S/C', 'S/O', 0, '2020-03-17 00:00:00'),
(711, 711, 'DESCUBIERTA', 'S/C', 'S/O', 0, '2020-03-17 00:00:00'),
(136, 136, 'DESCUBIERTA', 'S/C', 'S/O', 0, '2020-03-17 00:00:00'),
(1044, 1044, 'DESCUBIERTA', 'S/C', 'S/O', 0, '2020-03-17 00:00:00'),
(1046, 1046, 'DESCUBIERTA', 'S/C', 'S/O', 0, '2020-03-17 00:00:00'),
(1048, 1048, 'DESCUBIERTA', 'S/C', 'S/O', 0, '2020-03-17 00:00:00'),
(1050, 1050, 'DESCUBIERTA', 'S/C', 'S/O', 0, '2020-03-17 00:00:00'),
(1052, 1052, 'DESCUBIERTA', 'S/C', 'S/O', 0, '2020-03-17 00:00:00'),
(1054, 1054, 'DESCUBIERTA', 'S/C', 'S/O', 0, '2020-03-17 00:00:00'),
(1056, 1056, 'DESCUBIERTA', 'S/C', 'S/O', 0, '2020-03-17 00:00:00'),
(1058, 1058, 'DESCUBIERTA', 'S/C', 'S/O', 0, '2020-03-17 00:00:00'),
(1060, 1060, 'DESCUBIERTA', 'S/C', 'S/O', 0, '2020-03-17 00:00:00'),
(1062, 1062, 'DESCUBIERTA', 'S/C', 'S/O', 0, '2020-03-17 00:00:00'),
(1064, 1064, 'DESCUBIERTA', 'S/C', 'S/O', 0, '2020-03-17 00:00:00'),
(1066, 1066, 'DESCUBIERTA', 'S/C', 'S/O', 0, '2020-03-17 00:00:00'),
(1068, 1068, 'DESCUBIERTA', 'S/C', 'S/O', 0, '2020-03-17 00:00:00'),
(1070, 1070, 'DESCUBIERTA', 'S/C', 'S/O', 0, '2020-03-17 00:00:00'),
(1072, 1072, 'DESCUBIERTA', 'S/C', 'S/O', 0, '2020-03-17 00:00:00'),
(1074, 1074, 'DESCUBIERTA', 'S/C', 'S/O', 0, '2020-03-17 00:00:00'),
(1076, 1076, 'DESCUBIERTA', 'S/C', 'S/O', 0, '2020-03-17 00:00:00'),
(1078, 1078, 'DESCUBIERTA', 'S/C', 'S/O', 0, '2020-03-17 00:00:00'),
(1080, 1080, 'DESCUBIERTA', 'S/C', 'S/O', 0, '2020-03-17 00:00:00'),
(1082, 1082, 'DESCUBIERTA', 'S/C', 'S/O', 0, '2020-03-17 00:00:00'),
(1084, 1084, 'DESCUBIERTA', 'S/C', 'S/O', 0, '2020-03-17 00:00:00'),
(1086, 1086, 'DESCUBIERTA', 'S/C', 'S/O', 0, '2020-03-17 00:00:00'),
(1088, 1088, 'DESCUBIERTA', 'S/C', 'S/O', 0, '2020-03-17 00:00:00'),
(1090, 1090, 'DESCUBIERTA', 'S/C', 'S/O', 0, '2020-03-17 00:00:00'),
(1092, 1092, 'DESCUBIERTA', 'S/C', 'S/O', 0, '2020-03-17 00:00:00'),
(1094, 1094, 'DESCUBIERTA', 'S/C', 'S/O', 0, '2020-03-17 00:00:00'),
(1096, 1096, 'DESCUBIERTA', 'S/C', 'S/O', 0, '2020-03-17 00:00:00'),
(1098, 1098, 'DESCUBIERTA', 'S/C', 'S/O', 0, '2020-03-17 00:00:00'),
(603, 603, 'DESCUBIERTA', 'S/C', 'S/O', 0, '2020-03-17 00:00:00'),
(1100, 1100, 'DESCUBIERTA', 'S/C', 'S/O', 0, '2020-03-17 00:00:00'),
(1102, 1102, 'DESCUBIERTA', 'S/C', 'S/O', 0, '2020-03-17 00:00:00'),
(1104, 1104, 'DESCUBIERTA', 'S/C', 'S/O', 0, '2020-03-17 00:00:00'),
(1106, 1106, 'DESCUBIERTA', 'S/C', 'S/O', 0, '2020-03-17 00:00:00'),
(1108, 1108, 'DESCUBIERTA', 'S/C', 'S/O', 0, '2020-03-17 00:00:00'),
(1110, 1110, 'DESCUBIERTA', 'S/C', 'S/O', 0, '2020-03-17 00:00:00'),
(1112, 1112, 'DESCUBIERTA', 'S/C', 'S/O', 0, '2020-03-17 00:00:00'),
(1114, 1114, 'DESCUBIERTA', 'S/C', 'S/O', 0, '2020-03-17 00:00:00'),
(1116, 1116, 'DESCUBIERTA', 'S/C', 'S/O', 0, '2020-03-17 00:00:00'),
(1118, 1118, 'DESCUBIERTA', 'S/C', 'S/O', 0, '2020-03-17 00:00:00'),
(1120, 1120, 'DESCUBIERTA', 'S/C', 'S/O', 0, '2020-03-17 00:00:00'),
(1122, 1122, 'DESCUBIERTA', 'S/C', 'S/O', 0, '2020-03-17 00:00:00'),
(1124, 1124, 'DESCUBIERTA', 'S/C', 'S/O', 0, '2020-03-17 00:00:00'),
(1126, 1126, 'DESCUBIERTA', 'S/C', 'S/O', 0, '2020-03-17 00:00:00'),
(1128, 1128, 'DESCUBIERTA', 'S/C', 'S/O', 0, '2020-03-17 00:00:00'),
(1130, 1130, 'DESCUBIERTA', 'S/C', 'S/O', 0, '2020-03-17 00:00:00'),
(1132, 1132, 'DESCUBIERTA', 'S/C', 'S/O', 0, '2020-03-17 00:00:00'),
(1134, 1134, 'DESCUBIERTA', 'S/C', 'S/O', 0, '2020-03-17 00:00:00'),
(1136, 1136, 'DESCUBIERTA', 'S/C', 'S/O', 0, '2020-03-17 00:00:00'),
(1138, 1138, 'DESCUBIERTA', 'S/C', 'S/O', 0, '2020-03-17 00:00:00'),
(1140, 1140, 'DESCUBIERTA', 'S/C', 'S/O', 0, '2020-03-17 00:00:00'),
(1142, 1142, 'DESCUBIERTA', 'S/C', 'S/O', 0, '2020-03-17 00:00:00'),
(1144, 1144, 'DESCUBIERTA', 'S/C', 'S/O', 0, '2020-03-17 00:00:00'),
(1146, 1146, 'DESCUBIERTA', 'S/C', 'S/O', 0, '2020-03-17 00:00:00'),
(1148, 1148, 'DESCUBIERTA', 'S/C', 'S/O', 0, '2020-03-17 00:00:00'),
(1150, 1150, 'DESCUBIERTA', 'S/C', 'S/O', 0, '2020-03-17 00:00:00'),
(1152, 1152, 'DESCUBIERTA', 'S/C', 'S/O', 0, '2020-03-17 00:00:00'),
(1154, 1154, 'DESCUBIERTA', 'S/C', 'S/O', 0, '2020-03-17 00:00:00'),
(1156, 1156, 'DESCUBIERTA', 'S/C', 'S/O', 0, '2020-03-17 00:00:00'),
(1158, 1158, 'DESCUBIERTA', 'S/C', 'S/O', 0, '2020-03-17 00:00:00'),
(1160, 1160, 'DESCUBIERTA', 'S/C', 'S/O', 0, '2020-03-17 00:00:00'),
(1162, 1162, 'DESCUBIERTA', 'S/C', 'S/O', 0, '2020-03-17 00:00:00'),
(1164, 1164, 'DESCUBIERTA', 'S/C', 'S/O', 0, '2020-03-17 00:00:00'),
(1166, 1166, 'DESCUBIERTA', 'S/C', 'S/O', 0, '2020-03-17 00:00:00'),
(1168, 1168, 'DESCUBIERTA', 'S/C', 'S/O', 0, '2020-03-17 00:00:00'),
(1170, 1170, 'DESCUBIERTA', 'S/C', 'S/O', 0, '2020-03-17 00:00:00'),
(1172, 1172, 'DESCUBIERTA', 'S/C', 'S/O', 0, '2020-03-17 00:00:00'),
(1174, 1174, 'DESCUBIERTA', 'S/C', 'S/O', 0, '2020-03-17 00:00:00'),
(1176, 1176, 'DESCUBIERTA', 'S/C', 'S/O', 0, '2020-03-17 00:00:00'),
(1178, 1178, 'DESCUBIERTA', 'S/C', 'S/O', 0, '2020-03-17 00:00:00'),
(1180, 1180, 'DESCUBIERTA', 'S/C', 'S/O', 0, '2020-03-17 00:00:00'),
(1182, 1182, 'DESCUBIERTA', 'S/C', 'S/O', 0, '2020-03-17 00:00:00'),
(1184, 1184, 'DESCUBIERTA', 'S/C', 'S/O', 0, '2020-03-17 00:00:00'),
(1186, 1186, 'DESCUBIERTA', 'S/C', 'S/O', 0, '2020-03-17 00:00:00'),
(1188, 1188, 'DESCUBIERTA', 'S/C', 'S/O', 0, '2020-03-17 00:00:00'),
(1190, 1190, 'DESCUBIERTA', 'S/C', 'S/O', 0, '2020-03-17 00:00:00'),
(1192, 1192, 'DESCUBIERTA', 'S/C', 'S/O', 0, '2020-03-17 00:00:00'),
(1194, 1194, 'DESCUBIERTA', 'S/C', 'S/O', 0, '2020-03-17 00:00:00'),
(1196, 1196, 'DESCUBIERTA', 'S/C', 'S/O', 0, '2020-03-17 00:00:00'),
(1198, 1198, 'DESCUBIERTA', 'S/C', 'S/O', 0, '2020-03-17 00:00:00'),
(1200, 1200, 'DESCUBIERTA', 'S/C', 'S/O', 0, '2020-03-17 00:00:00'),
(1202, 1202, 'DESCUBIERTA', 'S/C', 'S/O', 0, '2020-03-17 00:00:00'),
(1204, 1204, 'DESCUBIERTA', 'S/C', 'S/O', 0, '2020-03-17 00:00:00'),
(1206, 1206, 'DESCUBIERTA', 'S/C', 'S/O', 0, '2020-03-17 00:00:00'),
(1208, 1208, 'DESCUBIERTA', 'S/C', 'S/O', 0, '2020-03-17 00:00:00'),
(1210, 1210, 'DESCUBIERTA', 'S/C', 'S/O', 0, '2020-03-17 00:00:00'),
(1212, 1212, 'DESCUBIERTA', 'S/C', 'S/O', 0, '2020-03-17 00:00:00'),
(1214, 1214, 'DESCUBIERTA', 'S/C', 'S/O', 0, '2020-03-17 00:00:00'),
(1216, 1216, 'DESCUBIERTA', 'S/C', 'S/O', 0, '2020-03-17 00:00:00'),
(1218, 1218, 'DESCUBIERTA', 'S/C', 'S/O', 0, '2020-03-17 00:00:00'),
(1220, 1220, 'DESCUBIERTA', 'S/C', 'S/O', 0, '2020-03-17 00:00:00'),
(1222, 1222, 'DESCUBIERTA', 'S/C', 'S/O', 0, '2020-03-17 00:00:00'),
(1224, 1224, 'DESCUBIERTA', 'S/C', 'S/O', 0, '2020-03-17 00:00:00'),
(1226, 1226, 'DESCUBIERTA', 'S/C', 'S/O', 0, '2020-03-17 00:00:00'),
(1228, 1228, 'DESCUBIERTA', 'S/C', 'S/O', 0, '2020-03-17 00:00:00'),
(1230, 1230, 'DESCUBIERTA', 'S/C', 'S/O', 0, '2020-03-17 00:00:00'),
(1232, 1232, 'DESCUBIERTA', 'S/C', 'S/O', 0, '2020-03-17 00:00:00'),
(1234, 1234, 'DESCUBIERTA', 'S/C', 'S/O', 0, '2020-03-17 00:00:00'),
(1236, 1236, 'DESCUBIERTA', 'S/C', 'S/O', 0, '2020-03-17 00:00:00'),
(605, 605, 'DESCUBIERTA', 'S/C', 'S/O', 0, '2020-03-17 00:00:00'),
(607, 607, 'DESCUBIERTA', 'S/C', 'S/O', 0, '2020-03-17 00:00:00'),
(609, 609, 'DESCUBIERTA', 'S/C', 'S/O', 0, '2020-03-17 00:00:00'),
(611, 611, 'DESCUBIERTA', 'S/C', 'S/O', 0, '2020-03-17 00:00:00'),
(613, 613, 'DESCUBIERTA', 'S/C', 'S/O', 0, '2020-03-17 00:00:00'),
(617, 617, 'DESCUBIERTA', 'S/C', 'S/O', 0, '2020-03-17 00:00:00'),
(619, 619, 'DESCUBIERTA', 'S/C', 'S/O', 0, '2020-03-17 00:00:00'),
(621, 621, 'DESCUBIERTA', 'S/C', 'S/O', 0, '2020-03-17 00:00:00'),
(623, 623, 'DESCUBIERTA', 'S/C', 'S/O', 0, '2020-03-17 00:00:00'),
(625, 625, 'DESCUBIERTA', 'S/C', 'S/O', 0, '2020-03-17 00:00:00'),
(627, 627, 'DESCUBIERTA', 'S/C', 'S/O', 0, '2020-03-17 00:00:00'),
(629, 629, 'DESCUBIERTA', 'S/C', 'S/O', 0, '2020-03-17 00:00:00'),
(1041, 1041, 'DESCUBIERTA', 'S/C', 'S/O', 0, '2020-03-17 00:00:00'),
(1043, 1043, 'DESCUBIERTA', 'S/C', 'S/O', 0, '2020-03-17 00:00:00'),
(1045, 1045, 'DESCUBIERTA', 'S/C', 'S/O', 0, '2020-03-17 00:00:00'),
(1047, 1047, 'DESCUBIERTA', 'S/C', 'S/O', 0, '2020-03-17 00:00:00'),
(1049, 1049, 'DESCUBIERTA', 'S/C', 'S/O', 0, '2020-03-17 00:00:00'),
(1051, 1051, 'DESCUBIERTA', 'S/C', 'S/O', 0, '2020-03-17 00:00:00'),
(1053, 1053, 'DESCUBIERTA', 'S/C', 'S/O', 0, '2020-03-17 00:00:00'),
(1055, 1055, 'DESCUBIERTA', 'S/C', 'S/O', 0, '2020-03-17 00:00:00'),
(1057, 1057, 'DESCUBIERTA', 'S/C', 'S/O', 0, '2020-03-17 00:00:00'),
(1059, 1059, 'DESCUBIERTA', 'S/C', 'S/O', 0, '2020-03-17 00:00:00'),
(1061, 1061, 'DESCUBIERTA', 'S/C', 'S/O', 0, '2020-03-17 00:00:00'),
(1063, 1063, 'DESCUBIERTA', 'S/C', 'S/O', 0, '2020-03-17 00:00:00'),
(1065, 1065, 'DESCUBIERTA', 'S/C', 'S/O', 0, '2020-03-17 00:00:00'),
(1067, 1067, 'DESCUBIERTA', 'S/C', 'S/O', 0, '2020-03-17 00:00:00'),
(1069, 1069, 'DESCUBIERTA', 'S/C', 'S/O', 0, '2020-03-17 00:00:00'),
(1071, 1071, 'DESCUBIERTA', 'S/C', 'S/O', 0, '2020-03-17 00:00:00'),
(1073, 1073, 'DESCUBIERTA', 'S/C', 'S/O', 0, '2020-03-17 00:00:00'),
(1075, 1075, 'DESCUBIERTA', 'S/C', 'S/O', 0, '2020-03-17 00:00:00'),
(1077, 1077, 'DESCUBIERTA', 'S/C', 'S/O', 0, '2020-03-17 00:00:00'),
(1079, 1079, 'DESCUBIERTA', 'S/C', 'S/O', 0, '2020-03-17 00:00:00'),
(1081, 1081, 'DESCUBIERTA', 'S/C', 'S/O', 0, '2020-03-17 00:00:00'),
(1083, 1083, 'DESCUBIERTA', 'S/C', 'S/O', 0, '2020-03-17 00:00:00'),
(1085, 1085, 'DESCUBIERTA', 'S/C', 'S/O', 0, '2020-03-17 00:00:00'),
(1087, 1087, 'DESCUBIERTA', 'S/C', 'S/O', 0, '2020-03-17 00:00:00'),
(1089, 1089, 'DESCUBIERTA', 'S/C', 'S/O', 0, '2020-03-17 00:00:00'),
(1091, 1091, 'DESCUBIERTA', 'S/C', 'S/O', 0, '2020-03-17 00:00:00'),
(1093, 1093, 'DESCUBIERTA', 'S/C', 'S/O', 0, '2020-03-17 00:00:00'),
(1095, 1095, 'DESCUBIERTA', 'S/C', 'S/O', 0, '2020-03-17 00:00:00'),
(1097, 1097, 'DESCUBIERTA', 'S/C', 'S/O', 0, '2020-03-17 00:00:00'),
(1099, 1099, 'DESCUBIERTA', 'S/C', 'S/O', 0, '2020-03-17 00:00:00'),
(1101, 1101, 'DESCUBIERTA', 'S/C', 'S/O', 0, '2020-03-17 00:00:00'),
(1103, 1103, 'DESCUBIERTA', 'S/C', 'S/O', 0, '2020-03-17 00:00:00'),
(1105, 1105, 'DESCUBIERTA', 'S/C', 'S/O', 0, '2020-03-17 00:00:00'),
(1107, 1107, 'DESCUBIERTA', 'S/C', 'S/O', 0, '2020-03-17 00:00:00'),
(1109, 1109, 'DESCUBIERTA', 'S/C', 'S/O', 0, '2020-03-17 00:00:00'),
(1111, 1111, 'DESCUBIERTA', 'S/C', 'S/O', 0, '2020-03-17 00:00:00'),
(1113, 1113, 'DESCUBIERTA', 'S/C', 'S/O', 0, '2020-03-17 00:00:00'),
(1115, 1115, 'DESCUBIERTA', 'S/C', 'S/O', 0, '2020-03-17 00:00:00'),
(1117, 1117, 'DESCUBIERTA', 'S/C', 'S/O', 0, '2020-03-17 00:00:00'),
(1119, 1119, 'DESCUBIERTA', 'S/C', 'S/O', 0, '2020-03-17 00:00:00'),
(1121, 1121, 'DESCUBIERTA', 'S/C', 'S/O', 0, '2020-03-17 00:00:00'),
(1123, 1123, 'DESCUBIERTA', 'S/C', 'S/O', 0, '2020-03-17 00:00:00'),
(1125, 1125, 'DESCUBIERTA', 'S/C', 'S/O', 0, '2020-03-17 00:00:00'),
(1127, 1127, 'DESCUBIERTA', 'S/C', 'S/O', 0, '2020-03-17 00:00:00'),
(1129, 1129, 'DESCUBIERTA', 'S/C', 'S/O', 0, '2020-03-17 00:00:00'),
(1131, 1131, 'DESCUBIERTA', 'S/C', 'S/O', 0, '2020-03-17 00:00:00'),
(1133, 1133, 'DESCUBIERTA', 'S/C', 'S/O', 0, '2020-03-17 00:00:00'),
(1135, 1135, 'DESCUBIERTA', 'S/C', 'S/O', 0, '2020-03-17 00:00:00'),
(1137, 1137, 'DESCUBIERTA', 'S/C', 'S/O', 0, '2020-03-17 00:00:00'),
(1139, 1139, 'DESCUBIERTA', 'S/C', 'S/O', 0, '2020-03-17 00:00:00'),
(1141, 1141, 'DESCUBIERTA', 'S/C', 'S/O', 0, '2020-03-17 00:00:00'),
(1143, 1143, 'DESCUBIERTA', 'S/C', 'S/O', 0, '2020-03-17 00:00:00'),
(1145, 1145, 'DESCUBIERTA', 'S/C', 'S/O', 0, '2020-03-17 00:00:00'),
(1147, 1147, 'DESCUBIERTA', 'S/C', 'S/O', 0, '2020-03-17 00:00:00'),
(1149, 1149, 'DESCUBIERTA', 'S/C', 'S/O', 0, '2020-03-17 00:00:00'),
(1151, 1151, 'DESCUBIERTA', 'S/C', 'S/O', 0, '2020-03-17 00:00:00'),
(1153, 1153, 'DESCUBIERTA', 'S/C', 'S/O', 0, '2020-03-17 00:00:00'),
(1155, 1155, 'DESCUBIERTA', 'S/C', 'S/O', 0, '2020-03-17 00:00:00'),
(1157, 1157, 'DESCUBIERTA', 'S/C', 'S/O', 0, '2020-03-17 00:00:00'),
(1159, 1159, 'DESCUBIERTA', 'S/C', 'S/O', 0, '2020-03-17 00:00:00'),
(1161, 1161, 'DESCUBIERTA', 'S/C', 'S/O', 0, '2020-03-17 00:00:00'),
(1163, 1163, 'DESCUBIERTA', 'S/C', 'S/O', 0, '2020-03-17 00:00:00'),
(1165, 1165, 'DESCUBIERTA', 'S/C', 'S/O', 0, '2020-03-17 00:00:00'),
(1167, 1167, 'DESCUBIERTA', 'S/C', 'S/O', 0, '2020-03-17 00:00:00'),
(1169, 1169, 'DESCUBIERTA', 'S/C', 'S/O', 0, '2020-03-17 00:00:00'),
(1171, 1171, 'DESCUBIERTA', 'S/C', 'S/O', 0, '2020-03-17 00:00:00'),
(1173, 1173, 'DESCUBIERTA', 'S/C', 'S/O', 0, '2020-03-17 00:00:00'),
(1175, 1175, 'DESCUBIERTA', 'S/C', 'S/O', 0, '2020-03-17 00:00:00'),
(1177, 1177, 'DESCUBIERTA', 'S/C', 'S/O', 0, '2020-03-17 00:00:00'),
(1179, 1179, 'DESCUBIERTA', 'S/C', 'S/O', 0, '2020-03-17 00:00:00'),
(1181, 1181, 'DESCUBIERTA', 'S/C', 'S/O', 0, '2020-03-17 00:00:00'),
(1183, 1183, 'DESCUBIERTA', 'S/C', 'S/O', 0, '2020-03-17 00:00:00'),
(1185, 1185, 'DESCUBIERTA', 'S/C', 'S/O', 0, '2020-03-17 00:00:00'),
(1187, 1187, 'DESCUBIERTA', 'S/C', 'S/O', 0, '2020-03-17 00:00:00'),
(1189, 1189, 'DESCUBIERTA', 'S/C', 'S/O', 0, '2020-03-17 00:00:00'),
(1191, 1191, 'DESCUBIERTA', 'S/C', 'S/O', 0, '2020-03-17 00:00:00'),
(1193, 1193, 'DESCUBIERTA', 'S/C', 'S/O', 0, '2020-03-17 00:00:00'),
(1195, 1195, 'DESCUBIERTA', 'S/C', 'S/O', 0, '2020-03-17 00:00:00'),
(1197, 1197, 'DESCUBIERTA', 'S/C', 'S/O', 0, '2020-03-17 00:00:00'),
(1199, 1199, 'DESCUBIERTA', 'S/C', 'S/O', 0, '2020-03-17 00:00:00'),
(1201, 1201, 'DESCUBIERTA', 'S/C', 'S/O', 0, '2020-03-17 00:00:00'),
(1203, 1203, 'DESCUBIERTA', 'S/C', 'S/O', 0, '2020-03-17 00:00:00'),
(1205, 1205, 'DESCUBIERTA', 'S/C', 'S/O', 0, '2020-03-17 00:00:00'),
(1207, 1207, 'DESCUBIERTA', 'S/C', 'S/O', 0, '2020-03-17 00:00:00'),
(1209, 1209, 'DESCUBIERTA', 'S/C', 'S/O', 0, '2020-03-17 00:00:00'),
(1211, 1211, 'DESCUBIERTA', 'S/C', 'S/O', 0, '2020-03-17 00:00:00'),
(1213, 1213, 'DESCUBIERTA', 'S/C', 'S/O', 0, '2020-03-17 00:00:00'),
(1215, 1215, 'DESCUBIERTA', 'S/C', 'S/O', 0, '2020-03-17 00:00:00'),
(1217, 1217, 'DESCUBIERTA', 'S/C', 'S/O', 0, '2020-03-17 00:00:00'),
(1219, 1219, 'DESCUBIERTA', 'S/C', 'S/O', 0, '2020-03-17 00:00:00'),
(1221, 1221, 'DESCUBIERTA', 'S/C', 'S/O', 0, '2020-03-17 00:00:00'),
(1223, 1223, 'DESCUBIERTA', 'S/C', 'S/O', 0, '2020-03-17 00:00:00'),
(1225, 1225, 'DESCUBIERTA', 'S/C', 'S/O', 0, '2020-03-17 00:00:00'),
(1227, 1227, 'DESCUBIERTA', 'S/C', 'S/O', 0, '2020-03-17 00:00:00'),
(1229, 1229, 'DESCUBIERTA', 'S/C', 'S/O', 0, '2020-03-17 00:00:00'),
(1231, 1231, 'DESCUBIERTA', 'S/C', 'S/O', 0, '2020-03-17 00:00:00'),
(604, 604, 'SEMICUBIERT', 'S/C', 'S/O', 0, '2020-03-17 00:00:00'),
(606, 606, 'SEMICUBIERT', 'S/C', 'S/O', 0, '2020-03-17 00:00:00'),
(608, 608, 'SEMICUBIERT', 'S/C', 'S/O', 0, '2020-03-17 00:00:00'),
(610, 610, 'SEMICUBIERT', 'S/C', 'S/O', 0, '2020-03-17 00:00:00'),
(612, 612, 'SEMICUBIERT', 'S/C', 'S/O', 0, '2020-03-17 00:00:00'),
(614, 614, 'SEMICUBIERT', 'S/C', 'S/O', 0, '2020-03-17 00:00:00'),
(628, 628, 'SEMICUBIERT', 'S/C', 'S/O', 0, '2020-03-17 00:00:00'),
(626, 626, 'SEMICUBIERT', 'S/C', 'S/O', 0, '2020-03-17 00:00:00'),
(624, 624, 'SEMICUBIERT', 'S/C', 'S/O', 0, '2020-03-17 00:00:00'),
(622, 622, 'SEMICUBIERT', 'S/C', 'S/O', 0, '2020-03-17 00:00:00'),
(620, 620, 'SEMICUBIERT', 'S/C', 'S/O', 0, '2020-03-17 00:00:00'),
(618, 618, 'SEMICUBIERT', 'S/C', 'S/O', 0, '2020-03-17 00:00:00'),
(616, 616, 'SEMICUBIERT', 'S/C', 'S/O', 0, '2020-03-17 00:00:00');

-- --------------------------------------------------------

--
-- Table structure for table `empresa`
--

CREATE TABLE `empresa` (
  `id_empresa` int(11) NOT NULL,
  `cuit_empresa` int(11) NOT NULL,
  `razon_social_empresa` varchar(255) NOT NULL,
  `nombre_fantasia_empresa` varchar(255) NOT NULL,
  `domicilio_empresa` varchar(255) NOT NULL,
  `telefono_empresa` varchar(100) NOT NULL,
  `referente_empresa` varchar(100) NOT NULL,
  `telefono_referente_empresa` varchar(100) NOT NULL,
  `Observaciones_empresa` varchar(100) NOT NULL
) ENGINE=InnoDB DEFAULT CHARSET=latin1;

-- --------------------------------------------------------

--
-- Table structure for table `estados_salud`
--

CREATE TABLE `estados_salud` (
  `id_estado` int(5) NOT NULL,
  `estado_nombre` varchar(50) COLLATE utf8_unicode_ci NOT NULL
) ENGINE=InnoDB DEFAULT CHARSET=utf8 COLLATE=utf8_unicode_ci COMMENT='client data';

--
-- Dumping data for table `estados_salud`
--

INSERT INTO `estados_salud` (`id_estado`, `estado_nombre`) VALUES
(1, 'APTO/A PARA INGRESAR'),
(2, 'NO APTO/A PARA INGRESAR'),
(3, 'OTROS');

-- --------------------------------------------------------

--
-- Table structure for table `formas_de_pago`
--

CREATE TABLE `formas_de_pago` (
  `formadepago_id` int(11) NOT NULL COMMENT 'auto incrementing user_id of each user, unique index',
  `formadepago_nombre` varchar(100) COLLATE utf8_unicode_ci NOT NULL,
  `formadepago_detalle` varchar(100) COLLATE utf8_unicode_ci NOT NULL,
  `codigo_interno` varchar(150) COLLATE utf8_unicode_ci NOT NULL,
  `date_added` datetime NOT NULL
) ENGINE=InnoDB DEFAULT CHARSET=utf8 COLLATE=utf8_unicode_ci COMMENT='client data';

--
-- Dumping data for table `formas_de_pago`
--

INSERT INTO `formas_de_pago` (`formadepago_id`, `formadepago_nombre`, `formadepago_detalle`, `codigo_interno`, `date_added`) VALUES
(1, 'Efectivo', 'Contado Efectivo Papel Billete', 'EF', '2020-03-17 15:06:00'),
(2, 'Tarjeta Debito', 'Tarjeta de Debito', 'TD', '2020-03-17 15:06:00'),
(3, 'Tarjeta de Credito', 'Tarjeta de Credito', 'TC', '2020-03-17 15:06:00'),
(4, 'Financiacion Propia', 'Financion en cuotas pactadas con el cliente', 'FP', '2020-03-17 15:06:00'),
(5, 'Transferencia Bancaria', 'Transferencia Bancaria a cuenta del Balneario', 'TB', '2020-03-17 15:06:00'),
(6, 'Cheque', 'Cheque propio o de terceros ', 'CH', '2020-03-17 15:06:00'),
(7, 'Mercado Pago', 'Mercado Pago', 'MP', '2020-03-17 15:06:00'),
(8, 'Moneda Extranjera', 'Moneda de Otro Pais', 'ME', '2020-03-17 15:06:00'),
(9, 'Valores', 'Valores', 'VA', '2020-03-17 15:06:00');

-- --------------------------------------------------------

--
-- Table structure for table `integrantes`
--

CREATE TABLE `integrantes` (
  `Id` int(5) NOT NULL,
  `nombres` varchar(50) COLLATE utf8_unicode_ci NOT NULL,
  `dni` int(11) UNSIGNED DEFAULT NULL,
  `edad` int(3) NOT NULL,
  `domicilio` varchar(50) COLLATE utf8_unicode_ci NOT NULL,
  `localidad` varchar(50) COLLATE utf8_unicode_ci NOT NULL,
  `telefono` varchar(10) COLLATE utf8_unicode_ci NOT NULL,
  `vinculo_nombre` varchar(50) COLLATE utf8_unicode_ci NOT NULL,
  `estado_salud` varchar(50) COLLATE utf8_unicode_ci NOT NULL,
  `observaciones` varchar(255) COLLATE utf8_unicode_ci DEFAULT NULL,
  `asistencia` varchar(50) COLLATE utf8_unicode_ci NOT NULL,
  `_id_cliente` int(11) DEFAULT NULL,
  `date_added` datetime NOT NULL,
  `nombre` varchar(191) COLLATE utf8_unicode_ci DEFAULT NULL
) ENGINE=InnoDB DEFAULT CHARSET=utf8 COLLATE=utf8_unicode_ci COMMENT='client data';

--
-- Dumping data for table `integrantes`
--

INSERT INTO `integrantes` (`Id`, `nombres`, `dni`, `edad`, `domicilio`, `localidad`, `telefono`, `vinculo_nombre`, `estado_salud`, `observaciones`, `asistencia`, `_id_cliente`, `date_added`, `nombre`) VALUES
(2, 'Andrea Blondeau', 25326658, 43, 'Calle 35 1576', 'Miramar', '2235985815', 'Conyuge', 'APTO/A PARA INGRESAR', '', 'AUSENTE', 84, '2020-08-18 15:06:00', NULL);

-- --------------------------------------------------------

--
-- Table structure for table `material_identificacion`
--

CREATE TABLE `material_identificacion` (
  `id_identificacion` int(11) NOT NULL,
  `situacion` varchar(30) NOT NULL,
  `descripcion_material` varchar(11) NOT NULL,
  `date_added` datetime NOT NULL
) ENGINE=MyISAM DEFAULT CHARSET=utf8;

--
-- Dumping data for table `material_identificacion`
--

INSERT INTO `material_identificacion` (`id_identificacion`, `situacion`, `descripcion_material`, `date_added`) VALUES
(1, 'Entregado', '', '2016-12-19 00:00:00'),
(2, 'No Entregado', '', '2016-12-19 21:06:37'),
(3, 'Entregado Parcialmente', '', '2016-12-19 21:06:37');

-- --------------------------------------------------------

--
-- Table structure for table `pasillos`
--

CREATE TABLE `pasillos` (
  `id_pasillo` int(11) NOT NULL,
  `nombre_pasillo` varchar(255) NOT NULL,
  `descripcion_pasillo` varchar(255) NOT NULL,
  `id_empleado` int(11) NOT NULL,
  `date_added` datetime NOT NULL
) ENGINE=MyISAM DEFAULT CHARSET=utf8;

--
-- Dumping data for table `pasillos`
--

INSERT INTO `pasillos` (`id_pasillo`, `nombre_pasillo`, `descripcion_pasillo`, `id_empleado`, `date_added`) VALUES
(1, 'Pasillo 1', 'Carpas del 101 al 174', 0, '2020-02-21 12:00:00'),
(2, 'Pasillo 2', 'Carpas del 201 al 274', 0, '2020-02-21 12:00:00'),
(3, 'Pasillo 3', 'Carpas del 301 al 374', 0, '2020-02-21 12:00:00'),
(4, 'Pasillo 4', 'Carpas del 401 al 474', 0, '2020-02-21 12:00:00'),
(5, 'Pasillo 5', 'Carpas del 501 al 574', 0, '2020-02-21 12:00:00'),
(6, 'Pasillo 6', 'Carpas del 601 al 674', 0, '2020-02-21 12:00:00'),
(7, 'Pasillo 7', 'Carpas del 701 al 774', 0, '2020-02-21 12:00:00'),
(8, 'Pasillo 8', 'Carpas del 801 al 874', 0, '2020-02-21 12:00:00');

-- --------------------------------------------------------

--
-- Table structure for table `perfiles`
--

CREATE TABLE `perfiles` (
  `perfil_id` int(11) NOT NULL COMMENT 'auto incrementing user_id of each user, unique index',
  `perfil_tipo` varchar(20) CHARACTER SET utf8 COLLATE utf8_unicode_ci NOT NULL,
  `perfil_detalle` varchar(100) CHARACTER SET utf8 COLLATE utf8_unicode_ci NOT NULL
) ENGINE=InnoDB DEFAULT CHARSET=latin1;

--
-- Dumping data for table `perfiles`
--

INSERT INTO `perfiles` (`perfil_id`, `perfil_tipo`, `perfil_detalle`) VALUES
(1, 'Administrador', 'Control Total'),
(2, 'Administrativo', 'Procesos Adminitrativos'),
(3, 'Seguridad', 'Ingreso y Egreso de Clientes'),
(4, 'Cocheras', 'Ingreso y Egreso de Vehiculos'),
(5, 'Vestuarios', 'Control de lockers'),
(6, 'Recreacion', 'Control de Eventos'),
(7, 'Demo', 'Demostracion');

-- --------------------------------------------------------

--
-- Table structure for table `products`
--

CREATE TABLE `products` (
  `id_producto` int(11) NOT NULL,
  `codigo_producto` char(20) NOT NULL,
  `nombre_producto` char(255) NOT NULL,
  `date_added` datetime NOT NULL,
  `precio_producto` double NOT NULL,
  `stock` int(11) NOT NULL,
  `id_categoria` int(11) NOT NULL
) ENGINE=InnoDB DEFAULT CHARSET=utf8;

-- --------------------------------------------------------

--
-- Table structure for table `tipos_cocheras`
--

CREATE TABLE `tipos_cocheras` (
  `tipocochera_id` int(11) NOT NULL COMMENT 'auto incrementing user_id of each user, unique index',
  `cochera_tipo` varchar(100) COLLATE utf8_unicode_ci NOT NULL,
  `cochera_detalle` varchar(150) COLLATE utf8_unicode_ci NOT NULL,
  `date_added` datetime NOT NULL
) ENGINE=InnoDB DEFAULT CHARSET=utf8 COLLATE=utf8_unicode_ci COMMENT='client data';

--
-- Dumping data for table `tipos_cocheras`
--

INSERT INTO `tipos_cocheras` (`tipocochera_id`, `cochera_tipo`, `cochera_detalle`, `date_added`) VALUES
(1, 'Cubierta', 'Estructura Numerada con Lona', '2020-03-17 15:06:00'),
(2, 'SemiCubierta', 'Estructura Numerada con Media Sombra', '2020-03-17 15:06:00'),
(3, 'Descubierta', 'Solo espacio numerado en la Playa de Estacionamiento', '2020-03-17 15:06:00');

-- --------------------------------------------------------

--
-- Table structure for table `tipos_contrato`
--

CREATE TABLE `tipos_contrato` (
  `id_contrato` int(11) NOT NULL,
  `tipo_contrato` varchar(11) NOT NULL,
  `descripcion_contrato` varchar(25) DEFAULT NULL,
  `date_added` datetime NOT NULL
) ENGINE=MyISAM DEFAULT CHARSET=utf8;

--
-- Dumping data for table `tipos_contrato`
--

INSERT INTO `tipos_contrato` (`id_contrato`, `tipo_contrato`, `descripcion_contrato`, `date_added`) VALUES
(1, 'Diario', '', '2016-12-19 00:00:00'),
(2, 'Semanal', '', '2016-12-19 21:06:37'),
(3, 'Quincenal', '', '2016-12-19 21:06:37'),
(4, 'Mensual', '', '2016-12-19 21:06:37'),
(5, 'Temporada', '', '2016-12-19 21:06:37'),
(11, 'Especial', 'Prueba', '2020-01-15 19:11:20');

-- --------------------------------------------------------

--
-- Table structure for table `tipos_estado`
--

CREATE TABLE `tipos_estado` (
  `id_tipos_estado` int(11) NOT NULL,
  `tipo_estado` varchar(40) NOT NULL,
  `observaciones` varchar(255) NOT NULL,
  `date_added` datetime NOT NULL
) ENGINE=MyISAM DEFAULT CHARSET=utf8;

--
-- Dumping data for table `tipos_estado`
--

INSERT INTO `tipos_estado` (`id_tipos_estado`, `tipo_estado`, `observaciones`, `date_added`) VALUES
(1, 'LIBRE', 'Unidad HABILITADA para ALQUILAR', '2020-03-12 00:00:00'),
(2, 'RESERVADA', 'Unidad RESERVADA por tiempo limitado', '2020-03-12 00:00:00'),
(3, 'OCUPADA', 'Unidad ALQUILADA', '2020-03-12 00:00:00');

-- --------------------------------------------------------

--
-- Table structure for table `users`
--

CREATE TABLE `users` (
  `Id` int(11) NOT NULL COMMENT 'auto incrementing user_id of each user, unique index',
  `firstname` varchar(20) COLLATE utf8_unicode_ci NOT NULL,
  `lastname` varchar(20) COLLATE utf8_unicode_ci NOT NULL,
  `user_name` varchar(64) COLLATE utf8_unicode_ci NOT NULL COMMENT 'user''s name, unique',
  `user_password_hash` varchar(255) COLLATE utf8_unicode_ci NOT NULL COMMENT 'user''s password in salted and hashed format',
  `user_email` varchar(64) COLLATE utf8_unicode_ci NOT NULL COMMENT 'user''s email, unique',
  `date_added` datetime NOT NULL,
  `user_perfil` varchar(255) COLLATE utf8_unicode_ci DEFAULT NULL,
  `user_phone` varchar(255) COLLATE utf8_unicode_ci DEFAULT NULL
) ENGINE=InnoDB DEFAULT CHARSET=utf8 COLLATE=utf8_unicode_ci COMMENT='user data';

--
-- Dumping data for table `users`
--

INSERT INTO `users` (`Id`, `firstname`, `lastname`, `user_name`, `user_password_hash`, `user_email`, `date_added`, `user_perfil`, `user_phone`) VALUES
(1, 'Obed', 'Alvarado', 'admin', '$2y$10$MPVHzZ2ZPOWmtUUGCq3RXu31OTB.jo7M9LZ7PmPQYmgETSNn19ejO', 'admin@admin.com', '2016-12-19 15:06:00', NULL, NULL),
(3, 'Nazareno', 'Real', 'demo1', '$2y$10$4d6Dc26LWc2QmHZ69k.f8OcXybBClSs3IVoTUwx8trbTPDlwjArP2', 'naza82@gmail.com', '2020-08-19 00:45:06', NULL, '2236867766');

-- --------------------------------------------------------

--
-- Table structure for table `vinculos`
--

CREATE TABLE `vinculos` (
  `id_vinculo` int(5) NOT NULL,
  `vinculo_nombre` varchar(50) COLLATE utf8_unicode_ci NOT NULL
) ENGINE=InnoDB DEFAULT CHARSET=utf8 COLLATE=utf8_unicode_ci COMMENT='client data';

--
-- Dumping data for table `vinculos`
--

INSERT INTO `vinculos` (`id_vinculo`, `vinculo_nombre`) VALUES
(1, 'Madre'),
(2, 'Padre'),
(3, 'Hijo/a'),
(4, 'Tio/a'),
(5, 'Abuelo/a'),
(6, 'Sobrino/a'),
(7, 'Ahijado/a'),
(8, 'Hermano/a'),
(9, 'Amigo/a'),
(10, 'Conyuge'),
(11, 'Titular'),
(12, 'Otros');

--
-- Indexes for dumped tables
--

--
-- Indexes for table `asistencia`
--
ALTER TABLE `asistencia`
  ADD PRIMARY KEY (`id_asistencia`);

--
-- Indexes for table `carpas`
--
ALTER TABLE `carpas`
  ADD PRIMARY KEY (`Id`),
  ADD UNIQUE KEY `id_cliente` (`_id_cliente`);

--
-- Indexes for table `clientes`
--
ALTER TABLE `clientes`
  ADD PRIMARY KEY (`Id`),
  ADD KEY `fk_clienteCarpa` (`_id_carpa`);

--
-- Indexes for table `estados_salud`
--
ALTER TABLE `estados_salud`
  ADD PRIMARY KEY (`id_estado`);

--
-- Indexes for table `integrantes`
--
ALTER TABLE `integrantes`
  ADD PRIMARY KEY (`Id`);

--
-- Indexes for table `products`
--
ALTER TABLE `products`
  ADD PRIMARY KEY (`id_producto`),
  ADD UNIQUE KEY `codigo_producto` (`codigo_producto`);

--
-- Indexes for table `tipos_contrato`
--
ALTER TABLE `tipos_contrato`
  ADD PRIMARY KEY (`id_contrato`);

--
-- Indexes for table `users`
--
ALTER TABLE `users`
  ADD PRIMARY KEY (`Id`),
  ADD UNIQUE KEY `user_name` (`user_name`),
  ADD UNIQUE KEY `user_email` (`user_email`);

--
-- Indexes for table `vinculos`
--
ALTER TABLE `vinculos`
  ADD PRIMARY KEY (`id_vinculo`);

--
-- AUTO_INCREMENT for dumped tables
--

--
-- AUTO_INCREMENT for table `carpas`
--
ALTER TABLE `carpas`
  MODIFY `Id` int(11) NOT NULL AUTO_INCREMENT, AUTO_INCREMENT=875;

--
-- AUTO_INCREMENT for table `clientes`
--
ALTER TABLE `clientes`
  MODIFY `Id` int(11) NOT NULL AUTO_INCREMENT, AUTO_INCREMENT=85;

--
-- AUTO_INCREMENT for table `integrantes`
--
ALTER TABLE `integrantes`
  MODIFY `Id` int(5) NOT NULL AUTO_INCREMENT, AUTO_INCREMENT=5;

--
-- AUTO_INCREMENT for table `products`
--
ALTER TABLE `products`
  MODIFY `id_producto` int(11) NOT NULL AUTO_INCREMENT;

--
-- AUTO_INCREMENT for table `tipos_contrato`
--
ALTER TABLE `tipos_contrato`
  MODIFY `id_contrato` int(11) NOT NULL AUTO_INCREMENT, AUTO_INCREMENT=12;

--
-- AUTO_INCREMENT for table `users`
--
ALTER TABLE `users`
  MODIFY `Id` int(11) NOT NULL AUTO_INCREMENT COMMENT 'auto incrementing user_id of each user, unique index', AUTO_INCREMENT=4;

--
-- Constraints for dumped tables
--

--
-- Constraints for table `carpas`
--
ALTER TABLE `carpas`
  ADD CONSTRAINT `fk_carpaCliente` FOREIGN KEY (`_id_cliente`) REFERENCES `clientes` (`Id`) ON DELETE SET NULL ON UPDATE SET NULL;

--
-- Constraints for table `clientes`
--
ALTER TABLE `clientes`
  ADD CONSTRAINT `fk_clienteCarpa` FOREIGN KEY (`_id_carpa`) REFERENCES `carpas` (`Id`) ON DELETE SET NULL ON UPDATE SET NULL;
COMMIT;

/*!40101 SET CHARACTER_SET_CLIENT=@OLD_CHARACTER_SET_CLIENT */;
/*!40101 SET CHARACTER_SET_RESULTS=@OLD_CHARACTER_SET_RESULTS */;
/*!40101 SET COLLATION_CONNECTION=@OLD_COLLATION_CONNECTION */;
